method,route,file,line
GET,/almacenes,AtlantesBE-main/AtlantesBE-main/app/routes/almacenes.php,17
GET,/almacenes/{idalmacen},AtlantesBE-main/AtlantesBE-main/app/routes/almacenes.php,59
GET,/almacenes/{idalmacen}/{fechacorte},AtlantesBE-main/AtlantesBE-main/app/routes/almacenes.php,119
GET,/almacenes/historial/detalle/{idingresodetalle},AtlantesBE-main/AtlantesBE-main/app/routes/almacenes.php,320
GET,/tipoalmacenesdetalle,AtlantesBE-main/AtlantesBE-main/app/routes/almacenes.php,481
GET,/ingresos/{idcliente},AtlantesBE-main/AtlantesBE-main/app/routes/almacenes.php,504
GET,/ingresos/pendientes/{idcliente},AtlantesBE-main/AtlantesBE-main/app/routes/almacenes.php,638
GET,/ingresos/reporte/{idcliente}/{fechainicial}/{fechafinal},AtlantesBE-main/AtlantesBE-main/app/routes/almacenes.php,771
GET,/ingresos/detalle/{idingreso},AtlantesBE-main/AtlantesBE-main/app/routes/almacenes.php,983
PUT,/ingresos/{idingreso},AtlantesBE-main/AtlantesBE-main/app/routes/almacenes.php,1145
POST,/ingresos,AtlantesBE-main/AtlantesBE-main/app/routes/almacenes.php,2160
POST,/ingresos/{idingreso}/cargamasiva,AtlantesBE-main/AtlantesBE-main/app/routes/almacenes.php,2291
POST,/ingresos/{idingreso}/duplicar,AtlantesBE-main/AtlantesBE-main/app/routes/almacenes.php,2422
PUT,/ingresos/pendientes/{idsalidadetalle},AtlantesBE-main/AtlantesBE-main/app/routes/almacenes.php,2624
POST,/ingresos/pendientes/{idsalida},AtlantesBE-main/AtlantesBE-main/app/routes/almacenes.php,2997
GET,/descarga/reporte/{idcliente}/{fechainicial}/{fechafinal},AtlantesBE-main/AtlantesBE-main/app/routes/almacenes.php,3061
GET,/productos/{idcliente}/{codigo},AtlantesBE-main/AtlantesBE-main/app/routes/almacenes.php,3147
PUT,/inter_company/{idingreso},AtlantesBE-main/AtlantesBE-main/app/routes/almacenes.php,3204
GET,/ingresos/actaingreso/{idingreso},AtlantesBE-main/AtlantesBE-main/app/routes/almacenes.php,3378
GET,/ingresos/constancia/{idingreso},AtlantesBE-main/AtlantesBE-main/app/routes/almacenes.php,3425
GET,/salidas/{idcliente},AtlantesBE-main/AtlantesBE-main/app/routes/almacenes.php,3472
GET,/salidas/reporte/{idcliente}/{fechainicial}/{fechafinal},AtlantesBE-main/AtlantesBE-main/app/routes/almacenes.php,3543
GET,/salidas/detalle/{idsalida},AtlantesBE-main/AtlantesBE-main/app/routes/almacenes.php,3741
GET,/salidas/detalle/{idsalidadetalle}/imagenes,AtlantesBE-main/AtlantesBE-main/app/routes/almacenes.php,3756
GET,/salidas/pendiente/detalle/{idsalidadetalle}/imagenes,AtlantesBE-main/AtlantesBE-main/app/routes/almacenes.php,3805
POST,/salidas,AtlantesBE-main/AtlantesBE-main/app/routes/almacenes.php,3854
PUT,/salidas/{idsalida},AtlantesBE-main/AtlantesBE-main/app/routes/almacenes.php,4130
PUT,/salidas/accesorios/{idsalidadetalle}/imagenes,AtlantesBE-main/AtlantesBE-main/app/routes/almacenes.php,4843
GET,/salidas/actasalida/{idsalida}/{unidad_salida},AtlantesBE-main/AtlantesBE-main/app/routes/almacenes.php,4923
GET,/salidas/constancia/{idsalida},AtlantesBE-main/AtlantesBE-main/app/routes/almacenes.php,4977
PUT,/salidas/{idsalida}/finalizar,AtlantesBE-main/AtlantesBE-main/app/routes/almacenes.php,5030
PUT,/salidas/{idsalida}/habilitar,AtlantesBE-main/AtlantesBE-main/app/routes/almacenes.php,5266
GET,/inventario/{idcliente}/{fechacorte}/{corte},AtlantesBE-main/AtlantesBE-main/app/routes/almacenes.php,5333
GET,/reporteinventario/{idcliente}/{fechacorte},AtlantesBE-main/AtlantesBE-main/app/routes/almacenes.php,5369
GET,/reportemovimientos/{idcliente}/{idingresodetalle}/{fechainicial}/{fechafinal},AtlantesBE-main/AtlantesBE-main/app/routes/almacenes.php,5392
GET,/reportemovimientosdetalle/{idcliente}/{fechainicial}/{fechafinal},AtlantesBE-main/AtlantesBE-main/app/routes/almacenes.php,5901
GET,/reportemovimientostienda/{idcliente}/{fechainicial}/{fechafinal},AtlantesBE-main/AtlantesBE-main/app/routes/almacenes.php,6171
GET,/reporteliquidacion/{idcliente}/{fechainicial}/{fechafinal},AtlantesBE-main/AtlantesBE-main/app/routes/almacenes.php,6470
GET,/reporteposicionesdia/{idcliente}/{fechainicial}/{fechafinal},AtlantesBE-main/AtlantesBE-main/app/routes/almacenes.php,6644
GET,/reporteinventariovencimiento/{idcliente}/{fechainicial}/{fechafinal},AtlantesBE-main/AtlantesBE-main/app/routes/almacenes.php,6736
POST,/inventario/moverdividir,AtlantesBE-main/AtlantesBE-main/app/routes/almacenes.php,6807
PUT,/inventario/ubicaralmacen,AtlantesBE-main/AtlantesBE-main/app/routes/almacenes.php,7372
POST,/inventario/actualizacionmasiva,AtlantesBE-main/AtlantesBE-main/app/routes/almacenes.php,7462
GET,/item/detalle/{idcliente}/{serie},AtlantesBE-main/AtlantesBE-main/app/routes/almacenes.php,7703
GET,/pedidos/{idcliente},AtlantesBE-main/AtlantesBE-main/app/routes/almacenes.php,7758
GET,/pedidos/detalle/{idpedido},AtlantesBE-main/AtlantesBE-main/app/routes/almacenes.php,7870
GET,/pedidos/salidas/{idpedido},AtlantesBE-main/AtlantesBE-main/app/routes/almacenes.php,7886
PUT,/pedidos/{idpedido},AtlantesBE-main/AtlantesBE-main/app/routes/almacenes.php,7907
POST,/pedidos,AtlantesBE-main/AtlantesBE-main/app/routes/almacenes.php,8031
POST,/agruparpedidos,AtlantesBE-main/AtlantesBE-main/app/routes/almacenes.php,8116
POST,/pedidos/{idpedido}/carga,AtlantesBE-main/AtlantesBE-main/app/routes/almacenes.php,8242
POST,/pedidos/{idpedido}/solicitud,AtlantesBE-main/AtlantesBE-main/app/routes/almacenes.php,8359
POST,/pedidos/{idpedido}/salidas,AtlantesBE-main/AtlantesBE-main/app/routes/almacenes.php,8582
PUT,/pedidos/{idpedido}/disponibilidad,AtlantesBE-main/AtlantesBE-main/app/routes/almacenes.php,8694
DELETE,/pedidos/detalle/{idpedido},AtlantesBE-main/AtlantesBE-main/app/routes/almacenes.php,8719
DELETE,/pedidos/{idpedido},AtlantesBE-main/AtlantesBE-main/app/routes/almacenes.php,8756
GET,/pedidos/actapedido/{idpedido},AtlantesBE-main/AtlantesBE-main/app/routes/almacenes.php,8795
GET,/pedidos/reporte/{idcliente}/{fechainicial}/{fechafinal},AtlantesBE-main/AtlantesBE-main/app/routes/almacenes.php,8843
PUT,/inventario/mailvencimiento/{idalmacen},AtlantesBE-main/AtlantesBE-main/app/routes/almacenes.php,9018
PUT,/inventario/mailvencido/{idalmacen},AtlantesBE-main/AtlantesBE-main/app/routes/almacenes.php,9136
PUT,/inventario/mailvencimientoprm/{idalmacen},AtlantesBE-main/AtlantesBE-main/app/routes/almacenes.php,9258
POST,/inventariosfisico/listado,AtlantesBE-main/AtlantesBE-main/app/routes/almacenes.php,9425
GET,/inventariosfisico/{idcliente}/fechas,AtlantesBE-main/AtlantesBE-main/app/routes/almacenes.php,9592
POST,/inventariosfisico,AtlantesBE-main/AtlantesBE-main/app/routes/almacenes.php,9629
POST,/inventariosfisico/cargamasiva,AtlantesBE-main/AtlantesBE-main/app/routes/almacenes.php,9688
GET,/inventariosfisico/detalle/{idinventariosfisico},AtlantesBE-main/AtlantesBE-main/app/routes/almacenes.php,10222
POST,/inventariosfisico/monitoreo-centros/{idcliente}/{idinvnetariofisico}/{fechainicial}/{fechafinal},AtlantesBE-main/AtlantesBE-main/app/routes/almacenes.php,10237
POST,/inventariosfisico/detalle/{idinventariofisicodetalle}/cargararchivo,AtlantesBE-main/AtlantesBE-main/app/routes/almacenes.php,10406
GET,/inventariosfisico/download/{idinventariofisicodetallearchivo},AtlantesBE-main/AtlantesBE-main/app/routes/almacenes.php,10536
POST,/inventariosfisico/{idinventariofisico}/cargamasiva,AtlantesBE-main/AtlantesBE-main/app/routes/almacenes.php,10590
PUT,/inventariosfisico/{idinventariofisico},AtlantesBE-main/AtlantesBE-main/app/routes/almacenes.php,10689
PUT,/inventariosfisico/{idinventariofisico}/finalizar,AtlantesBE-main/AtlantesBE-main/app/routes/almacenes.php,11047
DELETE,/inventariosfisico/{idinventariofisico}/eliminar,AtlantesBE-main/AtlantesBE-main/app/routes/almacenes.php,11084
GET,/inventariosfisico/tomainventariofisico/{idinventariofisico},AtlantesBE-main/AtlantesBE-main/app/routes/almacenes.php,11120
GET,/inventariosfisico/conteo/{idinventariofisico},AtlantesBE-main/AtlantesBE-main/app/routes/almacenes.php,11168
GET,/inventariosfisico/conteo/{idinventariofisicoconteo}/imagenes,AtlantesBE-main/AtlantesBE-main/app/routes/almacenes.php,11301
PUT,/inventariosfisico/conteo/{idinventariofisico}/inicializar,AtlantesBE-main/AtlantesBE-main/app/routes/almacenes.php,11322
POST,/inventariosfisico/conteo/{idinventariofisico},AtlantesBE-main/AtlantesBE-main/app/routes/almacenes.php,11362
PUT,/inventariosfisico/conteo/{idinventariofisico},AtlantesBE-main/AtlantesBE-main/app/routes/almacenes.php,11422
PUT,/inventariosfisico/conteo/{idinventariofisico}/imagenes,AtlantesBE-main/AtlantesBE-main/app/routes/almacenes.php,11459
PUT,/inventariosfisico/conteo/{idinventariofisico},AtlantesBE-main/AtlantesBE-main/app/routes/almacenes.php,11539
PUT,/inventariosfisico/conteo/{idinventariofisico}/eliminar,AtlantesBE-main/AtlantesBE-main/app/routes/almacenes.php,11662
PUT,/inventariosfisico/conteo/{idinventariofisico}/finalizar,AtlantesBE-main/AtlantesBE-main/app/routes/almacenes.php,11722
PUT,/inventariosfisico/conteo/{idinventariofisico}/reabrir,AtlantesBE-main/AtlantesBE-main/app/routes/almacenes.php,11788
GET,/inventariosfisico/conteo/{idinventariofisico}/series,AtlantesBE-main/AtlantesBE-main/app/routes/almacenes.php,11819
GET,/inventariosfisico/reporte/{idcliente}/{fechainicial}/{fechafinal},AtlantesBE-main/AtlantesBE-main/app/routes/almacenes.php,11857
GET,/timbrados,AtlantesBE-main/AtlantesBE-main/app/routes/almacenes.php,11951
POST,/timbrado,AtlantesBE-main/AtlantesBE-main/app/routes/almacenes.php,11988
GET,/timbrado/detalle/{idtimbrado}/{fecha_inicial}/{fecha_final},AtlantesBE-main/AtlantesBE-main/app/routes/almacenes.php,12044
DELETE,/timbrado/detalle/{idtimbradodetalle},AtlantesBE-main/AtlantesBE-main/app/routes/almacenes.php,12083
GET,/timbrado/reporte/{idcliente}/{fecha_inicial}/{fecha_final},AtlantesBE-main/AtlantesBE-main/app/routes/almacenes.php,12114
POST,/timbrado/{idtimbrado}/cargamasiva,AtlantesBE-main/AtlantesBE-main/app/routes/almacenes.php,12145
POST,/timbrado/{idtimbrado}/actualizacionmasiva,AtlantesBE-main/AtlantesBE-main/app/routes/almacenes.php,12587
POST,/ate-gas/cargamasiva,AtlantesBE-main/AtlantesBE-main/app/routes/almacenes.php,13030
GET,/ate-gas,AtlantesBE-main/AtlantesBE-main/app/routes/almacenes.php,13561
PUT,/ate-gas/recepcionar/{idate_gas},AtlantesBE-main/AtlantesBE-main/app/routes/almacenes.php,13631
PUT,/ate-gas/ubicar/{idate_gas},AtlantesBE-main/AtlantesBE-main/app/routes/almacenes.php,13673
PUT,/ate-gas/editar/{idate_gas},AtlantesBE-main/AtlantesBE-main/app/routes/almacenes.php,13733
DELETE,/ate-gas/{idate_gas},AtlantesBE-main/AtlantesBE-main/app/routes/almacenes.php,13787
GET,/ate-gas/asignacion-trabajo,AtlantesBE-main/AtlantesBE-main/app/routes/almacenes.php,13861
GET,/ate-gas/asignacion-trabajo/tecnicos,AtlantesBE-main/AtlantesBE-main/app/routes/almacenes.php,14019
PUT,/ate-gas/asignacion-trabajo/tecnicos,AtlantesBE-main/AtlantesBE-main/app/routes/almacenes.php,14060
DELETE,/ate-gas/asignacion-trabajo/tecnicos/{idate_gas_etapa_tecnico},AtlantesBE-main/AtlantesBE-main/app/routes/almacenes.php,14209
GET,/ate-gas/asignacion-trabajo/tecnicos_qa,AtlantesBE-main/AtlantesBE-main/app/routes/almacenes.php,14247
PUT,/ate-gas/asignacion-trabajo/tecnicos_qa,AtlantesBE-main/AtlantesBE-main/app/routes/almacenes.php,14288
DELETE,/ate-gas/asignacion-trabajo/tecnicos_qa/{idate_gas_etapa_tecnico_qa},AtlantesBE-main/AtlantesBE-main/app/routes/almacenes.php,14437
GET,/ate-gas/gestion-movimiento,AtlantesBE-main/AtlantesBE-main/app/routes/almacenes.php,14475
PUT,/ate-gas/gestion-movimiento/vista/{idate_gas_etapa},AtlantesBE-main/AtlantesBE-main/app/routes/almacenes.php,14655
GET,/ate-gas/gestion-movimiento/inventario/{idate_gas_etapa},AtlantesBE-main/AtlantesBE-main/app/routes/almacenes.php,14736
GET,/ate-gas/gestion-movimiento/{idate_gas_etapa}/imagenes,AtlantesBE-main/AtlantesBE-main/app/routes/almacenes.php,14815
POST,/ate-gas/gestion-movimiento/inventario/{idate_gas_etapa},AtlantesBE-main/AtlantesBE-main/app/routes/almacenes.php,14875
POST,/ate-gas/gestion-movimiento/iniciar/{idate_gas_etapa},AtlantesBE-main/AtlantesBE-main/app/routes/almacenes.php,15176
POST,/ate-gas/gestion-movimiento/pausar/{idate_gas_etapa},AtlantesBE-main/AtlantesBE-main/app/routes/almacenes.php,15236
POST,/ate-gas/gestion-movimiento/finalizar/{idate_gas_etapa},AtlantesBE-main/AtlantesBE-main/app/routes/almacenes.php,15298
POST,/ate-gas/estado-pedidos,AtlantesBE-main/AtlantesBE-main/app/routes/almacenes.php,15358
GET,/ate-gas/estado-pedidos/{idate_gas},AtlantesBE-main/AtlantesBE-main/app/routes/almacenes.php,15574
POST,/ate-gas/inventario-vin,AtlantesBE-main/AtlantesBE-main/app/routes/almacenes.php,15829
GET,/ate-gas/inventario/{idate_gas},AtlantesBE-main/AtlantesBE-main/app/routes/almacenes.php,15874
GET,/ate-gas/etapa/inventario/{idate_gas_etapa},AtlantesBE-main/AtlantesBE-main/app/routes/almacenes.php,15920
POST,/ate-gas/salidas/cargamasiva,AtlantesBE-main/AtlantesBE-main/app/routes/almacenes.php,15966
GET,/ate-gas/salidas,AtlantesBE-main/AtlantesBE-main/app/routes/almacenes.php,16378
POST,/ate-gas/salidas/{idate_gas},AtlantesBE-main/AtlantesBE-main/app/routes/almacenes.php,16450
GET,/ate-gas/salidas/{idate_gas}/guia-remision,AtlantesBE-main/AtlantesBE-main/app/routes/almacenes.php,16642
GET,/ate-gas/reporte-tiempos-proceso/{idcliente}/{tipo_filtro}/{fecha_inicial}/{fecha_final},AtlantesBE-main/AtlantesBE-main/app/routes/almacenes.php,16702
GET,/ate-gas/reporte-status/{idcliente}/{fecha_inicial}/{fecha_final},AtlantesBE-main/AtlantesBE-main/app/routes/almacenes.php,16846
GET,/ate-gas/reporte-demanda/{idcliente}/{fecha_inicial}/{fecha_final},AtlantesBE-main/AtlantesBE-main/app/routes/almacenes.php,17023
GET,/ate-gas/reporte-ingresos/{idcliente}/{fecha_inicial}/{fecha_final},AtlantesBE-main/AtlantesBE-main/app/routes/almacenes.php,17151
GET,/ate-gas/reporte-salidas/{idcliente}/{fecha_inicial}/{fecha_final},AtlantesBE-main/AtlantesBE-main/app/routes/almacenes.php,17275
GET,/ate-gas/reporte-produccion/{idcliente}/{fecha_inicial}/{fecha_final},AtlantesBE-main/AtlantesBE-main/app/routes/almacenes.php,17408
GET,/asgard/transporteAsgard,AtlantesBE-main/AtlantesBE-main/app/routes/asgard.php,7
GET,/asgard/datosCarpeta/{carpeta},AtlantesBE-main/AtlantesBE-main/app/routes/asgard.php,69
GET,/asgard/datosPartida/{partida}/{idcliente},AtlantesBE-main/AtlantesBE-main/app/routes/asgard.php,242
GET,/asgard/inventario/buscar-chasis/{idcliente}/{chasis},AtlantesBE-main/AtlantesBE-main/app/routes/asgard.php,373
GET,/asgard/inventario/resumen-inventario/{idcliente}/{chasis}/{tipo_inventario_id},AtlantesBE-main/AtlantesBE-main/app/routes/asgard.php,561
GET,/asgard/inventario/accesorios/lista/{idcliente}/{chasis}/{tipo_inventario_id},AtlantesBE-main/AtlantesBE-main/app/routes/asgard.php,656
GET,/asgard/inventario/desperfectos/lista/{idcliente}/{chasis}/{tipo_inventario_id},AtlantesBE-main/AtlantesBE-main/app/routes/asgard.php,751
GET,/asgard/inventario/contaminacion/lista/{idcliente}/{chasis}/{tipo_inventario_id},AtlantesBE-main/AtlantesBE-main/app/routes/asgard.php,846
POST,/asgard/inventario/file/download/{idcliente}/{chasis},AtlantesBE-main/AtlantesBE-main/app/routes/asgard.php,941
GET,/asgard/inventario/nacional/resumen-inventario/{idcliente}/{embarque_id}/{chasis}/{tipo_inventario_id},AtlantesBE-main/AtlantesBE-main/app/routes/asgard.php,1051
GET,/asgard/inventario/nacional/accesorios/lista/{idcliente}/{embarque_id}/{chasis}/{tipo_inventario_id},AtlantesBE-main/AtlantesBE-main/app/routes/asgard.php,1147
GET,/asgard/inventario/nacional/desperfectos/lista/{idcliente}/{embarque_id}/{chasis}/{tipo_inventario_id},AtlantesBE-main/AtlantesBE-main/app/routes/asgard.php,1243
GET,/asgard/inventario/nacional/contaminacion/lista/{idcliente}/{embarque_id}/{chasis}/{tipo_inventario_id},AtlantesBE-main/AtlantesBE-main/app/routes/asgard.php,1339
POST,/common/ubicacion/base64,AtlantesBE-main/AtlantesBE-main/app/routes/common.php,8
GET,/contabilidad/facturas,AtlantesBE-main/AtlantesBE-main/app/routes/contabilidad.php,8
GET,/contabilidad/rangofacturas/{fechainicial}/{fechafinal},AtlantesBE-main/AtlantesBE-main/app/routes/contabilidad.php,165
POST,/contabilidad/generarfactura/{idembarque},AtlantesBE-main/AtlantesBE-main/app/routes/contabilidad.php,276
POST,/contabilidad/reservarfactura/{idembarque},AtlantesBE-main/AtlantesBE-main/app/routes/contabilidad.php,723
GET,/contabilidad/facturas/download/{idfactura},AtlantesBE-main/AtlantesBE-main/app/routes/contabilidad.php,812
GET,/contabilidad/facturas/download/membretada/{idfactura},AtlantesBE-main/AtlantesBE-main/app/routes/contabilidad.php,860
PUT,/contabilidad/facturas/migrarovp/{idfactura},AtlantesBE-main/AtlantesBE-main/app/routes/contabilidad.php,908
POST,/contabilidad/facturas/anular/{idfactura},AtlantesBE-main/AtlantesBE-main/app/routes/contabilidad.php,954
POST,/contabilidad/downloadrespaldo,AtlantesBE-main/AtlantesBE-main/app/routes/contabilidad.php,1239
GET,/contabilidad/notascobranza,AtlantesBE-main/AtlantesBE-main/app/routes/contabilidad.php,1280
POST,/contabilidad/notascobranza/anular/{idnotadebito},AtlantesBE-main/AtlantesBE-main/app/routes/contabilidad.php,1419
GET,/contabilidad/rangonotascobranza/{fechainicial}/{fechafinal},AtlantesBE-main/AtlantesBE-main/app/routes/contabilidad.php,1691
POST,/contabilidad/generarnotacobranza/{idembarque},AtlantesBE-main/AtlantesBE-main/app/routes/contabilidad.php,1786
GET,/contabilidad/notascobranza/download/{idnotadebito},AtlantesBE-main/AtlantesBE-main/app/routes/contabilidad.php,2083
GET,/contabilidad/notascobranza/download/membretada/{idnotadebito},AtlantesBE-main/AtlantesBE-main/app/routes/contabilidad.php,2131
GET,/contabilidad/invoices,AtlantesBE-main/AtlantesBE-main/app/routes/contabilidad.php,2177
GET,/contabilidad/rangoinvoices/{fechainicial}/{fechafinal},AtlantesBE-main/AtlantesBE-main/app/routes/contabilidad.php,2274
POST,/contabilidad/reservarinvoice/{idembarque},AtlantesBE-main/AtlantesBE-main/app/routes/contabilidad.php,2374
POST,/contabilidad/generarinvoice/{idembarque},AtlantesBE-main/AtlantesBE-main/app/routes/contabilidad.php,2436
GET,/contabilidad/invoices/download/{idinvoice},AtlantesBE-main/AtlantesBE-main/app/routes/contabilidad.php,2706
GET,/contabilidad/invoices/download/membretada/{idinvoice},AtlantesBE-main/AtlantesBE-main/app/routes/contabilidad.php,2754
GET,/contabilidad/planillas,AtlantesBE-main/AtlantesBE-main/app/routes/contabilidad.php,2802
POST,/contabilidad/generarplanilla/{idembarque},AtlantesBE-main/AtlantesBE-main/app/routes/contabilidad.php,2851
GET,/contabilidad/planillas/download/{idplanilla},AtlantesBE-main/AtlantesBE-main/app/routes/contabilidad.php,2913
GET,/contabilidad/ordenespago,AtlantesBE-main/AtlantesBE-main/app/routes/contabilidad.php,2961
GET,/contabilidad/ordenespago/rango/{fechainicial}/{fechafinal},AtlantesBE-main/AtlantesBE-main/app/routes/contabilidad.php,3097
GET,/contabilidad/pagosagenteexterior,AtlantesBE-main/AtlantesBE-main/app/routes/contabilidad.php,3215
POST,/contabilidad/generarordenpago/{idembarque},AtlantesBE-main/AtlantesBE-main/app/routes/contabilidad.php,3272
GET,/contabilidad/ordenespago/download/{idfacturapago},AtlantesBE-main/AtlantesBE-main/app/routes/contabilidad.php,3641
PUT,/contabilidad/ordenespago/migrarovp/{idfacturapago},AtlantesBE-main/AtlantesBE-main/app/routes/contabilidad.php,3690
POST,/contabilidad/ordenespago/anular/{idfacturapago},AtlantesBE-main/AtlantesBE-main/app/routes/contabilidad.php,3739
POST,/contabilidad/generarordenservicio/{idembarque},AtlantesBE-main/AtlantesBE-main/app/routes/contabilidad.php,4009
GET,/contabilidad/ordenesservicio/{tipo}/download/{idordenservicio},AtlantesBE-main/AtlantesBE-main/app/routes/contabilidad.php,4302
GET,/contabilidad/cobros/detalle,AtlantesBE-main/AtlantesBE-main/app/routes/contabilidad.php,4350
GET,/contabilidad/cobros/{idtipoentidad}/{id},AtlantesBE-main/AtlantesBE-main/app/routes/contabilidad.php,4410
GET,/contabilidad/cobros/{idtipoentidad}/{id}/historico/{fechainicial}/{fechafinal},AtlantesBE-main/AtlantesBE-main/app/routes/contabilidad.php,4493
POST,/contabilidad/cobros/{idtipoentidad}/{id}/aplicar,AtlantesBE-main/AtlantesBE-main/app/routes/contabilidad.php,4553
GET,/contabilidad/anticipos/{idtipoentidad}/{id},AtlantesBE-main/AtlantesBE-main/app/routes/contabilidad.php,4726
POST,/contabilidad/anticipos/{idtipoentidad}/{id},AtlantesBE-main/AtlantesBE-main/app/routes/contabilidad.php,4783
GET,/contabilidad/download/anticipos/{idanticipo},AtlantesBE-main/AtlantesBE-main/app/routes/contabilidad.php,4863
GET,/contabilidad/download/cobros/{numero},AtlantesBE-main/AtlantesBE-main/app/routes/contabilidad.php,4912
GET,/contabilidad/pagos/{idtipoentidad}/{id},AtlantesBE-main/AtlantesBE-main/app/routes/contabilidad.php,4961
POST,/contabilidad/pagos/{idtipoentidad}/{id}/aplicar,AtlantesBE-main/AtlantesBE-main/app/routes/contabilidad.php,5043
GET,/contabilidad/pagado/{idtipoentidad}/{id},AtlantesBE-main/AtlantesBE-main/app/routes/contabilidad.php,5330
GET,/contabilidad/download/pagos/{idpago},AtlantesBE-main/AtlantesBE-main/app/routes/contabilidad.php,5387
GET,/contabilidad/saldos/{idtipoentidad}/{id},AtlantesBE-main/AtlantesBE-main/app/routes/contabilidad.php,5436
POST,/contabilidad/saldos/{idtipoentidad}/{id}/devolver,AtlantesBE-main/AtlantesBE-main/app/routes/contabilidad.php,5473
GET,/contabilidad/devuelto/{idtipoentidad}/{id},AtlantesBE-main/AtlantesBE-main/app/routes/contabilidad.php,5740
GET,/contabilidad/download/devoluciones/{iddevolucion},AtlantesBE-main/AtlantesBE-main/app/routes/contabilidad.php,5783
GET,/contabilidad/devoluciones,AtlantesBE-main/AtlantesBE-main/app/routes/contabilidad.php,5832
GET,/contabilidad/reportes/cobranzas/{idtipoentidad}/{id}/{fechainicial}/{fechafinal},AtlantesBE-main/AtlantesBE-main/app/routes/contabilidad.php,5903
GET,/contabilidad/reportes/anticipos/{idtipoentidad}/{id}/{fechainicial}/{fechafinal},AtlantesBE-main/AtlantesBE-main/app/routes/contabilidad.php,6001
GET,/contabilidad/reportes/facturas-concepto/{fechainicial}/{fechafinal},AtlantesBE-main/AtlantesBE-main/app/routes/contabilidad.php,6093
GET,/contabilidad/reportes/ordenes-pago-concepto/{fechainicial}/{fechafinal},AtlantesBE-main/AtlantesBE-main/app/routes/contabilidad.php,6145
GET,/contabilidad/reportes/conceptos/{fechainicial}/{fechafinal},AtlantesBE-main/AtlantesBE-main/app/routes/contabilidad.php,6197
GET,/importacion_exportacion,AtlantesBE-main/AtlantesBE-main/app/routes/datosmaestro.php,9
GET,/tiposembarque,AtlantesBE-main/AtlantesBE-main/app/routes/datosmaestro.php,36
GET,/contemplaciones,AtlantesBE-main/AtlantesBE-main/app/routes/datosmaestro.php,63
POST,/contemplaciones,AtlantesBE-main/AtlantesBE-main/app/routes/datosmaestro.php,93
PUT,/contemplaciones/{idcontemplacion},AtlantesBE-main/AtlantesBE-main/app/routes/datosmaestro.php,134
GET,/consideraciones,AtlantesBE-main/AtlantesBE-main/app/routes/datosmaestro.php,179
POST,/consideraciones,AtlantesBE-main/AtlantesBE-main/app/routes/datosmaestro.php,211
PUT,/consideraciones/{idconsideraciones},AtlantesBE-main/AtlantesBE-main/app/routes/datosmaestro.php,252
GET,/incoterms,AtlantesBE-main/AtlantesBE-main/app/routes/datosmaestro.php,297
GET,/empresas,AtlantesBE-main/AtlantesBE-main/app/routes/datosmaestro.php,316
GET,/timezones,AtlantesBE-main/AtlantesBE-main/app/routes/datosmaestro.php,337
GET,/ciudades,AtlantesBE-main/AtlantesBE-main/app/routes/datosmaestro.php,350
POST,/ciudades,AtlantesBE-main/AtlantesBE-main/app/routes/datosmaestro.php,394
PUT,/ciudades/{idciudad},AtlantesBE-main/AtlantesBE-main/app/routes/datosmaestro.php,459
GET,/mediostransporte,AtlantesBE-main/AtlantesBE-main/app/routes/datosmaestro.php,540
GET,/tiposcarga,AtlantesBE-main/AtlantesBE-main/app/routes/datosmaestro.php,560
GET,/aduanas,AtlantesBE-main/AtlantesBE-main/app/routes/datosmaestro.php,581
GET,/temperaturas,AtlantesBE-main/AtlantesBE-main/app/routes/datosmaestro.php,600
GET,/horarios,AtlantesBE-main/AtlantesBE-main/app/routes/datosmaestro.php,620
GET,/conceptos,AtlantesBE-main/AtlantesBE-main/app/routes/datosmaestro.php,639
POST,/conceptos,AtlantesBE-main/AtlantesBE-main/app/routes/datosmaestro.php,699
PUT,/conceptos/{idconcepto},AtlantesBE-main/AtlantesBE-main/app/routes/datosmaestro.php,764
GET,/lista-divisas,AtlantesBE-main/AtlantesBE-main/app/routes/datosmaestro.php,839
GET,/divisas,AtlantesBE-main/AtlantesBE-main/app/routes/datosmaestro.php,859
PUT,/divisas,AtlantesBE-main/AtlantesBE-main/app/routes/datosmaestro.php,893
GET,/divisas/ordenservicio,AtlantesBE-main/AtlantesBE-main/app/routes/datosmaestro.php,952
POST,/tipo-cambio/{fecha},AtlantesBE-main/AtlantesBE-main/app/routes/datosmaestro.php,971
PUT,/tipo-cambio/{fecha},AtlantesBE-main/AtlantesBE-main/app/routes/datosmaestro.php,1157
GET,/tiposevento,AtlantesBE-main/AtlantesBE-main/app/routes/datosmaestro.php,1719
GET,/eventodescripcion,AtlantesBE-main/AtlantesBE-main/app/routes/datosmaestro.php,1738
GET,/nombrefactura/{idtipodocumento}/{nit},AtlantesBE-main/AtlantesBE-main/app/routes/datosmaestro.php,1757
GET,/correosfactura/{idtipodocumento}/{numero},AtlantesBE-main/AtlantesBE-main/app/routes/datosmaestro.php,1779
GET,/cuentas,AtlantesBE-main/AtlantesBE-main/app/routes/datosmaestro.php,1803
POST,/cuentas,AtlantesBE-main/AtlantesBE-main/app/routes/datosmaestro.php,1830
PUT,/cuentas/{idcuenta},AtlantesBE-main/AtlantesBE-main/app/routes/datosmaestro.php,1873
GET,/tiposplanilla,AtlantesBE-main/AtlantesBE-main/app/routes/datosmaestro.php,1923
GET,/tiposdescarga,AtlantesBE-main/AtlantesBE-main/app/routes/datosmaestro.php,1943
GET,/tiposcontenedor,AtlantesBE-main/AtlantesBE-main/app/routes/datosmaestro.php,1962
GET,/tiposproducto,AtlantesBE-main/AtlantesBE-main/app/routes/datosmaestro.php,1981
GET,/tiposingreso,AtlantesBE-main/AtlantesBE-main/app/routes/datosmaestro.php,2001
GET,/embalajes,AtlantesBE-main/AtlantesBE-main/app/routes/datosmaestro.php,2020
GET,/no_confs,AtlantesBE-main/AtlantesBE-main/app/routes/datosmaestro.php,2041
GET,/clasificaciones,AtlantesBE-main/AtlantesBE-main/app/routes/datosmaestro.php,2060
GET,/mermas,AtlantesBE-main/AtlantesBE-main/app/routes/datosmaestro.php,2079
GET,/tipostransferencia,AtlantesBE-main/AtlantesBE-main/app/routes/datosmaestro.php,2099
GET,/tiposliquidacion,AtlantesBE-main/AtlantesBE-main/app/routes/datosmaestro.php,2118
GET,/productos_cliente,AtlantesBE-main/AtlantesBE-main/app/routes/datosmaestro.php,2137
POST,/productos_cliente,AtlantesBE-main/AtlantesBE-main/app/routes/datosmaestro.php,2233
PUT,/productos_cliente/{idbaseproductos},AtlantesBE-main/AtlantesBE-main/app/routes/datosmaestro.php,2495
DELETE,/productos_cliente/{idbaseproductos},AtlantesBE-main/AtlantesBE-main/app/routes/datosmaestro.php,2825
POST,/productos_cliente/{idcliente}/cargamasiva,AtlantesBE-main/AtlantesBE-main/app/routes/datosmaestro.php,2853
GET,/referencia_salida/{idcliente}/{contrato_no},AtlantesBE-main/AtlantesBE-main/app/routes/datosmaestro.php,3034
POST,/cargardocumento,AtlantesBE-main/AtlantesBE-main/app/routes/datosmaestro.php,3092
POST,/downloaddocumento,AtlantesBE-main/AtlantesBE-main/app/routes/datosmaestro.php,3141
POST,/eliminardocumento,AtlantesBE-main/AtlantesBE-main/app/routes/datosmaestro.php,3180
GET,/columnas_mover_dividir,AtlantesBE-main/AtlantesBE-main/app/routes/datosmaestro.php,3214
GET,/columnas_pedido,AtlantesBE-main/AtlantesBE-main/app/routes/datosmaestro.php,3241
GET,/tiposdocumento,AtlantesBE-main/AtlantesBE-main/app/routes/datosmaestro.php,3268
GET,/centros_rubro/{idcliente},AtlantesBE-main/AtlantesBE-main/app/routes/datosmaestro.php,3291
GET,/tipospedido,AtlantesBE-main/AtlantesBE-main/app/routes/datosmaestro.php,3312
GET,/motivosanulacion,AtlantesBE-main/AtlantesBE-main/app/routes/datosmaestro.php,3335
GET,/status,AtlantesBE-main/AtlantesBE-main/app/routes/datosmaestro.php,3354
GET,/accesorios_vehiculos/{idcliente},AtlantesBE-main/AtlantesBE-main/app/routes/datosmaestro.php,3373
GET,/accesorios_vehiculos_salidas_borrar,AtlantesBE-main/AtlantesBE-main/app/routes/datosmaestro.php,3395
GET,/docs_errada,AtlantesBE-main/AtlantesBE-main/app/routes/datosmaestro.php,3416
GET,/destinos_cargo,AtlantesBE-main/AtlantesBE-main/app/routes/datosmaestro.php,3435
GET,/tipos_bulto,AtlantesBE-main/AtlantesBE-main/app/routes/datosmaestro.php,3454
GET,/timbrados_turno,AtlantesBE-main/AtlantesBE-main/app/routes/datosmaestro.php,3474
GET,/listado-permisos,AtlantesBE-main/AtlantesBE-main/app/routes/datosmaestro.php,3493
GET,/inventariofisico_etiquetas,AtlantesBE-main/AtlantesBE-main/app/routes/datosmaestro.php,3559
GET,/solicitantes/{idcliente},AtlantesBE-main/AtlantesBE-main/app/routes/datosmaestro.php,3578
GET,/movilizadores/{idcliente},AtlantesBE-main/AtlantesBE-main/app/routes/datosmaestro.php,3598
GET,/etapas,AtlantesBE-main/AtlantesBE-main/app/routes/datosmaestro.php,3618
GET,/ate_gas_motivos_pausa,AtlantesBE-main/AtlantesBE-main/app/routes/datosmaestro.php,3637
GET,/cotizaciones,AtlantesBE-main/AtlantesBE-main/app/routes/embarques.php,7
POST,/cotizaciones,AtlantesBE-main/AtlantesBE-main/app/routes/embarques.php,53
GET,/cotizaciones/{idcotizacion},AtlantesBE-main/AtlantesBE-main/app/routes/embarques.php,102
PUT,/cotizaciones/{idcotizacion},AtlantesBE-main/AtlantesBE-main/app/routes/embarques.php,290
GET,/cotizaciones/{idcotizacion}/documento/{iddivisa},AtlantesBE-main/AtlantesBE-main/app/routes/embarques.php,493
POST,/cotizaciones/{idcotizacion}/crearembarque,AtlantesBE-main/AtlantesBE-main/app/routes/embarques.php,544
POST,/embarques,AtlantesBE-main/AtlantesBE-main/app/routes/embarques.php,610
POST,/embarques/crear,AtlantesBE-main/AtlantesBE-main/app/routes/embarques.php,750
POST,/embarques/{idembarque}/duplicar,AtlantesBE-main/AtlantesBE-main/app/routes/embarques.php,1008
GET,/embarques/{idembarque},AtlantesBE-main/AtlantesBE-main/app/routes/embarques.php,1101
POST,/embarques/{idembarque}/cargardocumento,AtlantesBE-main/AtlantesBE-main/app/routes/embarques.php,1363
GET,/embarques/{idembarque}/download/{archivo},AtlantesBE-main/AtlantesBE-main/app/routes/embarques.php,1422
DELETE,/embarques/{idembarque}/eliminardocumento/{archivo},AtlantesBE-main/AtlantesBE-main/app/routes/embarques.php,1462
PUT,/embarques/{idembarque}/general,AtlantesBE-main/AtlantesBE-main/app/routes/embarques.php,1494
PUT,/embarques/{idembarque}/entidades,AtlantesBE-main/AtlantesBE-main/app/routes/embarques.php,1557
PUT,/embarques/{idembarque}/ruta,AtlantesBE-main/AtlantesBE-main/app/routes/embarques.php,1636
PUT,/embarques/{idembarque}/cargos,AtlantesBE-main/AtlantesBE-main/app/routes/embarques.php,1703
POST,/embarques/{idembarque}/importarcargos,AtlantesBE-main/AtlantesBE-main/app/routes/embarques.php,1826
PUT,/embarques/{idembarque}/costos,AtlantesBE-main/AtlantesBE-main/app/routes/embarques.php,1918
PUT,/embarques/{idembarque}/cargoscostosagente,AtlantesBE-main/AtlantesBE-main/app/routes/embarques.php,2041
PUT,/embarques/{idembarque}/eventos,AtlantesBE-main/AtlantesBE-main/app/routes/embarques.php,2247
POST,/embarques/{idembarque}/eventos/enviarcorreo,AtlantesBE-main/AtlantesBE-main/app/routes/embarques.php,2707
PUT,/embarques/finalizar/{idembarque},AtlantesBE-main/AtlantesBE-main/app/routes/embarques.php,2805
GET,/embarques/{idembarque}/documentocierre,AtlantesBE-main/AtlantesBE-main/app/routes/embarques.php,2835
GET,/embarques/{idembarque}/caratula,AtlantesBE-main/AtlantesBE-main/app/routes/embarques.php,2884
GET,/reporte-embarques/{idcliente}/,AtlantesBE-main/AtlantesBE-main/app/routes/embarques.php,2933
GET,/empresa,AtlantesBE-main/AtlantesBE-main/app/routes/empresa.php,8
PUT,/empresa,AtlantesBE-main/AtlantesBE-main/app/routes/empresa.php,65
POST,/empresa/cargardocumento/{tipo},AtlantesBE-main/AtlantesBE-main/app/routes/empresa.php,105
GET,/entidades,AtlantesBE-main/AtlantesBE-main/app/routes/entidades.php,7
GET,/entidades/cliente,AtlantesBE-main/AtlantesBE-main/app/routes/entidades.php,334
GET,/entidades/clientes,AtlantesBE-main/AtlantesBE-main/app/routes/entidades.php,409
GET,/entidades/clientes/verificarusername/{idcliente}/{username},AtlantesBE-main/AtlantesBE-main/app/routes/entidades.php,671
GET,/entidades/clientes/no-conf-no-considerar/{idcliente},AtlantesBE-main/AtlantesBE-main/app/routes/entidades.php,695
POST,/entidades/clientes,AtlantesBE-main/AtlantesBE-main/app/routes/entidades.php,718
PUT,/entidades/clientes,AtlantesBE-main/AtlantesBE-main/app/routes/entidades.php,1350
GET,/entidades/transportistas,AtlantesBE-main/AtlantesBE-main/app/routes/entidades.php,2305
POST,/entidades/transportistas,AtlantesBE-main/AtlantesBE-main/app/routes/entidades.php,2374
PUT,/entidades/transportistas,AtlantesBE-main/AtlantesBE-main/app/routes/entidades.php,2612
GET,/entidades/agentes-carga,AtlantesBE-main/AtlantesBE-main/app/routes/entidades.php,2925
POST,/entidades/agentes-carga,AtlantesBE-main/AtlantesBE-main/app/routes/entidades.php,3017
PUT,/entidades/agentes-carga,AtlantesBE-main/AtlantesBE-main/app/routes/entidades.php,3318
GET,/entidades/proveedores,AtlantesBE-main/AtlantesBE-main/app/routes/entidades.php,3752
POST,/entidades/proveedores,AtlantesBE-main/AtlantesBE-main/app/routes/entidades.php,3864
PUT,/entidades/proveedores,AtlantesBE-main/AtlantesBE-main/app/routes/entidades.php,4165
GET,/entidades/prestadores-servicio,AtlantesBE-main/AtlantesBE-main/app/routes/entidades.php,4622
POST,/entidades/prestadores-servicio,AtlantesBE-main/AtlantesBE-main/app/routes/entidades.php,4690
PUT,/entidades/prestadores-servicio,AtlantesBE-main/AtlantesBE-main/app/routes/entidades.php,4928
POST,/login,AtlantesBE-main/AtlantesBE-main/app/routes/usuarios.php,7
POST,/recuperarconstrasena,AtlantesBE-main/AtlantesBE-main/app/routes/usuarios.php,159
POST,/verificarcodigo,AtlantesBE-main/AtlantesBE-main/app/routes/usuarios.php,243
POST,/resetearcontrasena,AtlantesBE-main/AtlantesBE-main/app/routes/usuarios.php,314
POST,/verificardoblefactor,AtlantesBE-main/AtlantesBE-main/app/routes/usuarios.php,370
POST,/verificarcodigodoblefactor,AtlantesBE-main/AtlantesBE-main/app/routes/usuarios.php,486
GET,/usuarios,AtlantesBE-main/AtlantesBE-main/app/routes/usuarios.php,554
GET,/usuario/{idusuario},AtlantesBE-main/AtlantesBE-main/app/routes/usuarios.php,619
GET,/tiposusuario,AtlantesBE-main/AtlantesBE-main/app/routes/usuarios.php,751
GET,/usuarios/{username},AtlantesBE-main/AtlantesBE-main/app/routes/usuarios.php,770
POST,/usuarios,AtlantesBE-main/AtlantesBE-main/app/routes/usuarios.php,791
PUT,/usuarios/{idusuario},AtlantesBE-main/AtlantesBE-main/app/routes/usuarios.php,910
PUT,/editarperfil,AtlantesBE-main/AtlantesBE-main/app/routes/usuarios.php,985
PUT,/cambiarcontrasena,AtlantesBE-main/AtlantesBE-main/app/routes/usuarios.php,1051
PUT,/usuarios/columnas_moverdividir/{idusuario},AtlantesBE-main/AtlantesBE-main/app/routes/usuarios.php,1115
GET,/usuario/almacenes/{idusuario},AtlantesBE-main/AtlantesBE-main/app/routes/usuarios.php,1344
PUT,/usuarios/columnas_pedido/{idusuario},AtlantesBE-main/AtlantesBE-main/app/routes/usuarios.php,1388
PUT,/cambiarclientealmacen,AtlantesBE-main/AtlantesBE-main/app/routes/usuarios.php,1617
PUT,/cambiaralmacen,AtlantesBE-main/AtlantesBE-main/app/routes/usuarios.php,1643
