table,line,columns,indexes_or_constraints
f_transporteslg,24,8,0
log_ovp,42,16,1
pbi_facturacion,66,7,1
pbi_ingresos,81,67,1
pbi_logistico,156,25,1
pbi_reporte_inventario_fisico,189,18,1
pbi_salidas,215,52,1
pbi_vencimientos,275,17,1
t_accesorios_vehiculos,300,7,1
t_accesorios_vehiculos_salidas,315,4,1
t_aduana,327,2,1
t_agentecarga,337,14,1
t_agentecargacorreofacturacion,359,3,1
t_agentecargadireccion,370,7,1
t_almacen,385,7,2
t_almacendetalle,402,19,1
t_anticipo,430,11,1
t_ate_gas,449,31,1
t_ate_gas_etapa,490,11,1
t_ate_gas_etapa_imagen,513,8,1
t_ate_gas_etapa_inventario,529,7,1
t_ate_gas_etapa_inventario_imagen,544,9,1
t_ate_gas_etapa_tecnico,561,5,1
t_ate_gas_etapa_tecnico_qa,576,5,1
t_ate_gas_etapa_tiempos,589,10,1
t_ate_gas_motivo_pausa,611,2,1
t_ate_gas_ubicacion,621,6,1
t_baseproductos,635,18,1
t_cargo,661,22,1
t_categoriaalmacendetalle,695,2,1
t_centro_rubro,705,4,1
t_ciudad,717,11,1
t_clasificacion,736,2,1
t_cleintemetodotimbrado,746,5,1
t_cliente,759,47,1
t_cliente_color,815,4,1
t_cliente_no_conf_no_considerar,827,3,1
t_clientecorreofacturacion,838,3,1
t_clientecorreonotificacion,849,6,1
t_clientecorreovencimientoprm,863,3,1
t_clientediasvencimiento,874,4,1
t_clientedireccion,886,7,1
t_clientegestionlogistica,901,16,1
t_clientereporte,925,3,1
t_clienteserviciologistico,936,6,1
t_cobro,950,8,1
t_codigosrecuperarcontrasena,966,5,1
t_columnas_moverdividir,979,4,1
t_columnas_pedido,991,4,1
t_concepto,1003,12,1
t_consideraciones,1023,3,1
t_contemplacion,1034,3,1
t_contrasenamaestra,1045,3,1
t_correonit,1056,4,1
t_correosembarque,1068,3,1
t_costo,1079,19,1
t_costocotizacion,1109,7,1
t_cotizacion,1124,25,1
t_cotizacionconsideraciones,1157,3,1
t_cotizacioncontemplacion,1168,4,1
t_cuenta,1180,5,1
t_danios_vehiculos,1193,2,1
t_destinocargo,1203,2,1
t_devolucion,1213,9,1
t_devoluciondetalle,1230,4,1
t_dias_creacion_entrega,1242,6,1
t_diasemana,1256,2,1
t_diasvencimiento,1266,2,1
t_divisa,1276,3,1
t_divisaordenservicio,1287,3,1
t_doc_errada,1298,2,1
t_dosificacion,1308,12,1
t_embalaje,1328,4,1
t_embarque,1340,56,1
t_empresa,1404,8,1
t_empresadivisa,1420,3,1
t_estado_etapa,1431,2,1
t_estadofactura,1441,3,1
t_etapa,1452,3,1
t_evento,1463,11,1
t_eventocotizacion,1482,7,1
t_eventodescripcion,1497,2,1
t_factura,1507,36,1
t_facturapago,1554,25,1
t_formapago,1587,2,1
t_horario,1597,2,1
t_importacion_exportacion,1607,4,1
t_incobrable,1619,6,1
t_incoterms,1633,2,1
t_ingreso,1643,50,1
t_ingresodetalle,1702,53,1
t_ingresodetalle_accesorios,1763,8,1
t_ingresodetallecliente,1779,5,1
t_inter_company,1792,5,1
t_inter_company_data,1807,6,1
t_inter_company_pasos,1821,5,1
t_inventariofisico,1834,18,1
t_inventariofisicoconteo,1861,8,1
t_inventariofisicoconteoimagen,1878,3,1
t_inventariofisicodetalle,1890,14,1
t_inventariofisicodetallearchivo,1912,4,1
t_inventariofisicoetiqueta,1924,2,1
t_invoice,1934,8,1
t_mediotransporte,1950,3,1
t_menu,1961,3,1
t_merma,1972,2,1
t_metodopago,1982,2,1
t_modulo,1992,6,1
t_motivoanulacion,2007,2,1
t_movilizador,2017,6,1
t_no_conf,2031,3,1
t_notadebito,2042,16,1
t_ordenservicioe,2066,11,1
t_ordenservicioi,2085,11,1
t_pago,2104,10,1
t_pagodetalle,2122,5,1
t_pagotmp,2135,4,1
t_pais,2147,2,1
t_pedido,2157,15,1
t_pedidodetalle,2180,8,1
t_pedidodisponibilidad,2196,10,1
t_pedidolog,2215,6,1
t_pedidopreparacion,2229,11,1
t_pedidopreparacionsector,2249,3,1
t_pedidotienda,2261,5,1
t_pediodetalletienda,2274,4,1
t_planilla,2286,9,1
t_preciotimbradoproducto,2303,4,1
t_prestador,2315,11,1
t_prestadordireccion,2334,7,1
t_prestadorservicio,2349,5,1
t_producto,2362,7,1
t_productomedida,2377,6,1
t_proveedor,2391,15,1
t_proveedorcorreofacturacion,2414,3,1
t_proveedordireccion,2425,7,1
t_referencia_salida,2440,17,1
t_referenciacolor,2465,4,1
t_reporte,2477,6,1
t_rubro,2491,2,1
t_salida,2501,51,1
t_salidadetalle,2562,22,1
t_salidadetalle_accesorios,2594,7,1
t_salidadetalle_accesorios_pendiente,2609,7,1
t_salidadetalleimagen,2624,3,1
t_salidadetalleimagen_pendiente,2635,3,1
t_salidadetalleprevio,2646,9,1
t_sector,2663,10,3
t_sectoringresodetalle,2685,9,1
t_solicitante,2702,6,1
t_status,2716,2,1
t_temperatura,2726,3,1
t_timbrado,2737,3,1
t_timbradodetalle,2748,63,1
t_timbradodetalle_bk,2819,63,1
t_timbradoturno,2890,2,1
t_timeszones,2900,3,1
t_tipoalmacendetalle,2911,3,1
t_tipobulto,2922,3,1
t_tipocambio,2933,7,1
t_tipocamion,2952,2,1
t_tipocarga,2962,5,1
t_tipocobro,2975,2,1
t_tipocontenedor,2985,2,1
t_tipodescarga,2995,2,1
t_tipodocumento,3005,2,1
t_tipoembarque,3015,4,1
t_tipoentidad,3027,4,1
t_tipoevento,3039,2,1
t_tipofacturapago,3049,2,1
t_tipoingreso,3059,2,1
t_tipoliquidacion,3069,2,1
t_tipopedido,3079,2,1
t_tipoplanilla,3089,3,1
t_tipoproducto,3100,3,1
t_tiposector,3111,2,1
t_tipotransferencia,3121,2,1
t_tipousuario,3131,2,1
t_token,3141,5,1
t_token_acceso_clientes,3154,3,1
t_transportista,3165,11,1
t_transportistadireccion,3184,5,1
t_transportistatarifa,3197,12,1
t_ubicacionitem,3217,5,1
t_usuario,3230,18,1
t_usuario_almacenes,3256,3,1
t_usuario_columnas_moverdividir,3267,3,1
t_usuario_columnas_pedido,3278,3,1
t_usuariomodulo,3289,5,1
