service,method,http_method,endpoint_literals,file,line
almacenes.service,veralmacenes,GET,,AtlantesFE-main/AtlantesFE-main/src/app/services/almacenes.service.ts,18
almacenes.service,veralmacen,GET,,AtlantesFE-main/AtlantesFE-main/src/app/services/almacenes.service.ts,23
almacenes.service,veralmacenubicaciones,GET,,AtlantesFE-main/AtlantesFE-main/src/app/services/almacenes.service.ts,28
almacenes.service,vertipoalmacendetalle,GET,,AtlantesFE-main/AtlantesFE-main/src/app/services/almacenes.service.ts,33
almacenes.service,veringresos,GET,,AtlantesFE-main/AtlantesFE-main/src/app/services/almacenes.service.ts,38
almacenes.service,veringresos_pendientes,GET,,AtlantesFE-main/AtlantesFE-main/src/app/services/almacenes.service.ts,43
almacenes.service,guardaraccesoriospendiente,PUT,,AtlantesFE-main/AtlantesFE-main/src/app/services/almacenes.service.ts,48
almacenes.service,veringreso,GET,,AtlantesFE-main/AtlantesFE-main/src/app/services/almacenes.service.ts,53
almacenes.service,crearingreso,POST,,AtlantesFE-main/AtlantesFE-main/src/app/services/almacenes.service.ts,58
almacenes.service,duplicaringreso,POST,/duplicar,AtlantesFE-main/AtlantesFE-main/src/app/services/almacenes.service.ts,63
almacenes.service,aprobaringresopendiente,POST,,AtlantesFE-main/AtlantesFE-main/src/app/services/almacenes.service.ts,68
almacenes.service,guardaringreso,PUT,,AtlantesFE-main/AtlantesFE-main/src/app/services/almacenes.service.ts,73
almacenes.service,verproducto,GET,,AtlantesFE-main/AtlantesFE-main/src/app/services/almacenes.service.ts,78
almacenes.service,ingresocargamasiva,POST,/cargamasiva,AtlantesFE-main/AtlantesFE-main/src/app/services/almacenes.service.ts,87
almacenes.service,reporteingresos,GET,,AtlantesFE-main/AtlantesFE-main/src/app/services/almacenes.service.ts,92
almacenes.service,reportedescarga,GET,,AtlantesFE-main/AtlantesFE-main/src/app/services/almacenes.service.ts,97
almacenes.service,reporteliquidacion,GET,,AtlantesFE-main/AtlantesFE-main/src/app/services/almacenes.service.ts,102
almacenes.service,reporteposicionesdia,GET,,AtlantesFE-main/AtlantesFE-main/src/app/services/almacenes.service.ts,107
almacenes.service,reporteinventariovencimiento,GET,,AtlantesFE-main/AtlantesFE-main/src/app/services/almacenes.service.ts,112
almacenes.service,downloadActaIngreso,GET,,AtlantesFE-main/AtlantesFE-main/src/app/services/almacenes.service.ts,117
almacenes.service,downloadConstanciaIngreso,GET,,AtlantesFE-main/AtlantesFE-main/src/app/services/almacenes.service.ts,122
almacenes.service,versalidas,GET,,AtlantesFE-main/AtlantesFE-main/src/app/services/almacenes.service.ts,127
almacenes.service,versalida,GET,,AtlantesFE-main/AtlantesFE-main/src/app/services/almacenes.service.ts,132
almacenes.service,verimagenessalidadetalle,GET,/imagenes,AtlantesFE-main/AtlantesFE-main/src/app/services/almacenes.service.ts,137
almacenes.service,verimagenessalidapendientedetalle,GET,/imagenes,AtlantesFE-main/AtlantesFE-main/src/app/services/almacenes.service.ts,142
almacenes.service,crearsalida,POST,,AtlantesFE-main/AtlantesFE-main/src/app/services/almacenes.service.ts,160
almacenes.service,inventario,GET,,AtlantesFE-main/AtlantesFE-main/src/app/services/almacenes.service.ts,166
almacenes.service,agregarimagenessalidaaccesorios,PUT,/imagenes,AtlantesFE-main/AtlantesFE-main/src/app/services/almacenes.service.ts,171
almacenes.service,guardarsalida,PUT,,AtlantesFE-main/AtlantesFE-main/src/app/services/almacenes.service.ts,176
almacenes.service,downloadActaSalida,GET,,AtlantesFE-main/AtlantesFE-main/src/app/services/almacenes.service.ts,181
almacenes.service,downloadConstanciaSalida,GET,,AtlantesFE-main/AtlantesFE-main/src/app/services/almacenes.service.ts,186
almacenes.service,finalizarSalida,PUT,/finalizar,AtlantesFE-main/AtlantesFE-main/src/app/services/almacenes.service.ts,191
almacenes.service,habilitarSalida,PUT,/habilitar,AtlantesFE-main/AtlantesFE-main/src/app/services/almacenes.service.ts,196
almacenes.service,moverdividir,POST,,AtlantesFE-main/AtlantesFE-main/src/app/services/almacenes.service.ts,202
almacenes.service,ubicaralmacen,PUT,,AtlantesFE-main/AtlantesFE-main/src/app/services/almacenes.service.ts,207
almacenes.service,inventariocatualizacionmasiva,POST,,AtlantesFE-main/AtlantesFE-main/src/app/services/almacenes.service.ts,216
almacenes.service,historial,GET,,AtlantesFE-main/AtlantesFE-main/src/app/services/almacenes.service.ts,221
almacenes.service,reporteinventario,GET,,AtlantesFE-main/AtlantesFE-main/src/app/services/almacenes.service.ts,226
almacenes.service,reportesalidas,GET,,AtlantesFE-main/AtlantesFE-main/src/app/services/almacenes.service.ts,231
almacenes.service,verpedidos,GET,,AtlantesFE-main/AtlantesFE-main/src/app/services/almacenes.service.ts,236
almacenes.service,verpedido,GET,,AtlantesFE-main/AtlantesFE-main/src/app/services/almacenes.service.ts,241
almacenes.service,crearpedido,POST,,AtlantesFE-main/AtlantesFE-main/src/app/services/almacenes.service.ts,246
almacenes.service,agruparpedido,POST,,AtlantesFE-main/AtlantesFE-main/src/app/services/almacenes.service.ts,251
almacenes.service,pedidocarga,POST,/carga,AtlantesFE-main/AtlantesFE-main/src/app/services/almacenes.service.ts,260
almacenes.service,crearsalidapedido,POST,/salidas,AtlantesFE-main/AtlantesFE-main/src/app/services/almacenes.service.ts,265
almacenes.service,pedidodisponibilidad,PUT,/disponibilidad,AtlantesFE-main/AtlantesFE-main/src/app/services/almacenes.service.ts,270
almacenes.service,eliminardatospedido,DELETE,,AtlantesFE-main/AtlantesFE-main/src/app/services/almacenes.service.ts,275
almacenes.service,eliminarpedido,DELETE,,AtlantesFE-main/AtlantesFE-main/src/app/services/almacenes.service.ts,280
almacenes.service,downloadActaPedido,GET,,AtlantesFE-main/AtlantesFE-main/src/app/services/almacenes.service.ts,285
almacenes.service,guardarpedido,PUT,,AtlantesFE-main/AtlantesFE-main/src/app/services/almacenes.service.ts,290
almacenes.service,reportePedido,GET,,AtlantesFE-main/AtlantesFE-main/src/app/services/almacenes.service.ts,295
almacenes.service,reportemovimiento,GET,,AtlantesFE-main/AtlantesFE-main/src/app/services/almacenes.service.ts,300
almacenes.service,reportemovimientodetalle,GET,,AtlantesFE-main/AtlantesFE-main/src/app/services/almacenes.service.ts,305
almacenes.service,reportemovimientotienda,GET,,AtlantesFE-main/AtlantesFE-main/src/app/services/almacenes.service.ts,310
almacenes.service,verinventariosfisico,POST,,AtlantesFE-main/AtlantesFE-main/src/app/services/almacenes.service.ts,315
almacenes.service,verinventariosfisicofechas,GET,/fechas,AtlantesFE-main/AtlantesFE-main/src/app/services/almacenes.service.ts,320
almacenes.service,crearinventariofisico,POST,,AtlantesFE-main/AtlantesFE-main/src/app/services/almacenes.service.ts,325
almacenes.service,crearinventariofisicocargamasiva,POST,,AtlantesFE-main/AtlantesFE-main/src/app/services/almacenes.service.ts,336
almacenes.service,verinventariofisico,GET,,AtlantesFE-main/AtlantesFE-main/src/app/services/almacenes.service.ts,341
almacenes.service,vermonitoreocentros,POST,,AtlantesFE-main/AtlantesFE-main/src/app/services/almacenes.service.ts,356
almacenes.service,inventariofisicocargamasiva,POST,/cargamasiva,AtlantesFE-main/AtlantesFE-main/src/app/services/almacenes.service.ts,365
almacenes.service,guardarinventariofisico,PUT,,AtlantesFE-main/AtlantesFE-main/src/app/services/almacenes.service.ts,370
almacenes.service,finalizarinventariofisico,PUT,/finalizar,AtlantesFE-main/AtlantesFE-main/src/app/services/almacenes.service.ts,375
almacenes.service,eliminarinventariofisico,DELETE,/eliminar,AtlantesFE-main/AtlantesFE-main/src/app/services/almacenes.service.ts,380
almacenes.service,downloadinventariofisicodetallearchivo,GET,,AtlantesFE-main/AtlantesFE-main/src/app/services/almacenes.service.ts,385
almacenes.service,downloadTomaInventarioFisico,GET,,AtlantesFE-main/AtlantesFE-main/src/app/services/almacenes.service.ts,390
almacenes.service,verinventariofisicoconteo,GET,,AtlantesFE-main/AtlantesFE-main/src/app/services/almacenes.service.ts,395
almacenes.service,verimagenesinventariofisicoconteo,GET,/imagenes,AtlantesFE-main/AtlantesFE-main/src/app/services/almacenes.service.ts,400
almacenes.service,inicializarinventariofisicoconteo,PUT,/inicializar,AtlantesFE-main/AtlantesFE-main/src/app/services/almacenes.service.ts,405
almacenes.service,agregarinventariofisicoconteo,POST,,AtlantesFE-main/AtlantesFE-main/src/app/services/almacenes.service.ts,410
almacenes.service,agregarimagenesinventariofisicoconteo,PUT,/imagenes,AtlantesFE-main/AtlantesFE-main/src/app/services/almacenes.service.ts,415
almacenes.service,guardarinventariofisicoconteo,PUT,,AtlantesFE-main/AtlantesFE-main/src/app/services/almacenes.service.ts,420
almacenes.service,eliminarinventariofisicoconteo,PUT,/eliminar,AtlantesFE-main/AtlantesFE-main/src/app/services/almacenes.service.ts,425
almacenes.service,verinventariofisicoconteoseries,GET,/series,AtlantesFE-main/AtlantesFE-main/src/app/services/almacenes.service.ts,430
almacenes.service,finalizarconteoinventariofisico,PUT,/finalizar,AtlantesFE-main/AtlantesFE-main/src/app/services/almacenes.service.ts,435
almacenes.service,reabrirconteoinventariofisico,PUT,/reabrir,AtlantesFE-main/AtlantesFE-main/src/app/services/almacenes.service.ts,440
almacenes.service,reporteInventarioFisico,GET,,AtlantesFE-main/AtlantesFE-main/src/app/services/almacenes.service.ts,445
almacenes.service,reporteInventarioFisico,PUT,,AtlantesFE-main/AtlantesFE-main/src/app/services/almacenes.service.ts,450
almacenes.service,creartimbrado,POST,,AtlantesFE-main/AtlantesFE-main/src/app/services/almacenes.service.ts,455
almacenes.service,vertimbrados,GET,,AtlantesFE-main/AtlantesFE-main/src/app/services/almacenes.service.ts,460
almacenes.service,vertimbrado,GET,,AtlantesFE-main/AtlantesFE-main/src/app/services/almacenes.service.ts,465
almacenes.service,timbradocargamasiva,POST,/cargamasiva,AtlantesFE-main/AtlantesFE-main/src/app/services/almacenes.service.ts,474
almacenes.service,timbradoactualizacionmasiva,POST,/actualizacionmasiva,AtlantesFE-main/AtlantesFE-main/src/app/services/almacenes.service.ts,483
almacenes.service,eliminartimbradodetalle,DELETE,,AtlantesFE-main/AtlantesFE-main/src/app/services/almacenes.service.ts,488
almacenes.service,crearategascargamasiva,POST,,AtlantesFE-main/AtlantesFE-main/src/app/services/almacenes.service.ts,498
almacenes.service,verategas,GET,,AtlantesFE-main/AtlantesFE-main/src/app/services/almacenes.service.ts,503
almacenes.service,recepcionarategas,PUT,,AtlantesFE-main/AtlantesFE-main/src/app/services/almacenes.service.ts,508
almacenes.service,ubicarategas,PUT,,AtlantesFE-main/AtlantesFE-main/src/app/services/almacenes.service.ts,513
almacenes.service,editarategas,PUT,,AtlantesFE-main/AtlantesFE-main/src/app/services/almacenes.service.ts,518
almacenes.service,eliminarategas,DELETE,,AtlantesFE-main/AtlantesFE-main/src/app/services/almacenes.service.ts,523
almacenes.service,verasignaciontrabajo,GET,,AtlantesFE-main/AtlantesFE-main/src/app/services/almacenes.service.ts,528
almacenes.service,verasignaciontrabajotecnicos,GET,,AtlantesFE-main/AtlantesFE-main/src/app/services/almacenes.service.ts,533
almacenes.service,asignaciontrabajotecnicos,PUT,,AtlantesFE-main/AtlantesFE-main/src/app/services/almacenes.service.ts,538
almacenes.service,eliminarasignaciontrabajotecnicos,DELETE,,AtlantesFE-main/AtlantesFE-main/src/app/services/almacenes.service.ts,543
almacenes.service,verasignaciontrabajotecnicosqa,GET,,AtlantesFE-main/AtlantesFE-main/src/app/services/almacenes.service.ts,548
almacenes.service,asignaciontrabajotecnicosqa,PUT,,AtlantesFE-main/AtlantesFE-main/src/app/services/almacenes.service.ts,553
almacenes.service,eliminarasignaciontrabajotecnicosqa,DELETE,,AtlantesFE-main/AtlantesFE-main/src/app/services/almacenes.service.ts,558
almacenes.service,vergestionmovimiento,GET,,AtlantesFE-main/AtlantesFE-main/src/app/services/almacenes.service.ts,563
almacenes.service,guardargestionmovimientovista,PUT,,AtlantesFE-main/AtlantesFE-main/src/app/services/almacenes.service.ts,568
almacenes.service,vergestionmovimientoinventario,GET,,AtlantesFE-main/AtlantesFE-main/src/app/services/almacenes.service.ts,573
almacenes.service,vergestionmovimientoimagenes,GET,/imagenes,AtlantesFE-main/AtlantesFE-main/src/app/services/almacenes.service.ts,578
almacenes.service,guardargestionmovimientoinventario,POST,,AtlantesFE-main/AtlantesFE-main/src/app/services/almacenes.service.ts,602
almacenes.service,iniciargestionmovimiento,POST,,AtlantesFE-main/AtlantesFE-main/src/app/services/almacenes.service.ts,607
almacenes.service,pausargestionmovimiento,POST,,AtlantesFE-main/AtlantesFE-main/src/app/services/almacenes.service.ts,613
almacenes.service,finalizargestionmovimiento,POST,,AtlantesFE-main/AtlantesFE-main/src/app/services/almacenes.service.ts,618
almacenes.service,verestadopedidos,POST,,AtlantesFE-main/AtlantesFE-main/src/app/services/almacenes.service.ts,623
almacenes.service,verdetalleestadopedidos,GET,,AtlantesFE-main/AtlantesFE-main/src/app/services/almacenes.service.ts,628
almacenes.service,verinventariovin,POST,,AtlantesFE-main/AtlantesFE-main/src/app/services/almacenes.service.ts,633
almacenes.service,downloadAteGasInventario,GET,,AtlantesFE-main/AtlantesFE-main/src/app/services/almacenes.service.ts,638
almacenes.service,downloadAteGasEtapaInventario,GET,,AtlantesFE-main/AtlantesFE-main/src/app/services/almacenes.service.ts,643
almacenes.service,crearategassalidascargamasiva,POST,,AtlantesFE-main/AtlantesFE-main/src/app/services/almacenes.service.ts,653
almacenes.service,verategassalidas,GET,,AtlantesFE-main/AtlantesFE-main/src/app/services/almacenes.service.ts,658
almacenes.service,sacarategas,POST,,AtlantesFE-main/AtlantesFE-main/src/app/services/almacenes.service.ts,663
almacenes.service,descargarGuiaRemisionAteGas,GET,/guia-remision,AtlantesFE-main/AtlantesFE-main/src/app/services/almacenes.service.ts,668
almacenes.service,reportetiemposproceso,GET,,AtlantesFE-main/AtlantesFE-main/src/app/services/almacenes.service.ts,677
almacenes.service,reporteategasdemanda,GET,,AtlantesFE-main/AtlantesFE-main/src/app/services/almacenes.service.ts,682
almacenes.service,reporteategasstatus,GET,,AtlantesFE-main/AtlantesFE-main/src/app/services/almacenes.service.ts,687
almacenes.service,reporteategasingresos,GET,,AtlantesFE-main/AtlantesFE-main/src/app/services/almacenes.service.ts,692
almacenes.service,reporteategassalidas,GET,,AtlantesFE-main/AtlantesFE-main/src/app/services/almacenes.service.ts,697
almacenes.service,reporteategasproduccion,GET,,AtlantesFE-main/AtlantesFE-main/src/app/services/almacenes.service.ts,702
asgard.service,transporteAsgard,GET,,AtlantesFE-main/AtlantesFE-main/src/app/services/asgard.service.ts,18
asgard.service,carpetaAsgard,GET,,AtlantesFE-main/AtlantesFE-main/src/app/services/asgard.service.ts,23
asgard.service,vehiculosAsgard,GET,,AtlantesFE-main/AtlantesFE-main/src/app/services/asgard.service.ts,28
asgard.service,bitacoraChasisAsgard,GET,,AtlantesFE-main/AtlantesFE-main/src/app/services/asgard.service.ts,33
asgard.service,bitacoraResumenInventarioAsgard,GET,,AtlantesFE-main/AtlantesFE-main/src/app/services/asgard.service.ts,38
asgard.service,bitacoraAccesoriosListaAsgard,GET,,AtlantesFE-main/AtlantesFE-main/src/app/services/asgard.service.ts,43
asgard.service,bitacoraDesperfectosListaAsgard,GET,,AtlantesFE-main/AtlantesFE-main/src/app/services/asgard.service.ts,48
asgard.service,bitacoraContaminacionListaAsgard,GET,,AtlantesFE-main/AtlantesFE-main/src/app/services/asgard.service.ts,53
asgard.service,downloadFileAsgard,POST,,AtlantesFE-main/AtlantesFE-main/src/app/services/asgard.service.ts,62
asgard.service,bitacoraNacionalResumenInventarioAsgard,GET,,AtlantesFE-main/AtlantesFE-main/src/app/services/asgard.service.ts,67
asgard.service,bitacoraNacionalAccesoriosListaAsgard,GET,,AtlantesFE-main/AtlantesFE-main/src/app/services/asgard.service.ts,72
asgard.service,bitacoraNacionalDesperfectosListaAsgard,GET,,AtlantesFE-main/AtlantesFE-main/src/app/services/asgard.service.ts,77
asgard.service,bitacoraNacionalContaminacionListaAsgard,GET,,AtlantesFE-main/AtlantesFE-main/src/app/services/asgard.service.ts,82
contabilidad.service,verfacturas,GET,,AtlantesFE-main/AtlantesFE-main/src/app/services/contabilidad.service.ts,18
contabilidad.service,verrangofacturas,GET,,AtlantesFE-main/AtlantesFE-main/src/app/services/contabilidad.service.ts,23
contabilidad.service,generarfactura,POST,,AtlantesFE-main/AtlantesFE-main/src/app/services/contabilidad.service.ts,28
contabilidad.service,reservarfactura,POST,,AtlantesFE-main/AtlantesFE-main/src/app/services/contabilidad.service.ts,33
contabilidad.service,downloadFactura,GET,,AtlantesFE-main/AtlantesFE-main/src/app/services/contabilidad.service.ts,38
contabilidad.service,downloadFacturaMembretada,GET,,AtlantesFE-main/AtlantesFE-main/src/app/services/contabilidad.service.ts,43
contabilidad.service,migrarFactura,PUT,,AtlantesFE-main/AtlantesFE-main/src/app/services/contabilidad.service.ts,48
contabilidad.service,anularFactura,POST,,AtlantesFE-main/AtlantesFE-main/src/app/services/contabilidad.service.ts,61
contabilidad.service,downloadresplado,POST,,AtlantesFE-main/AtlantesFE-main/src/app/services/contabilidad.service.ts,67
contabilidad.service,vernotascobranza,GET,,AtlantesFE-main/AtlantesFE-main/src/app/services/contabilidad.service.ts,72
contabilidad.service,anularNotaCobranza,POST,,AtlantesFE-main/AtlantesFE-main/src/app/services/contabilidad.service.ts,85
contabilidad.service,verrangonotascobranza,GET,,AtlantesFE-main/AtlantesFE-main/src/app/services/contabilidad.service.ts,90
contabilidad.service,downloadNC,GET,,AtlantesFE-main/AtlantesFE-main/src/app/services/contabilidad.service.ts,95
contabilidad.service,downloadNCMembretada,GET,,AtlantesFE-main/AtlantesFE-main/src/app/services/contabilidad.service.ts,100
contabilidad.service,generarnotacobranza,POST,,AtlantesFE-main/AtlantesFE-main/src/app/services/contabilidad.service.ts,105
contabilidad.service,verinvoices,GET,,AtlantesFE-main/AtlantesFE-main/src/app/services/contabilidad.service.ts,110
contabilidad.service,verrangoinvoices,GET,,AtlantesFE-main/AtlantesFE-main/src/app/services/contabilidad.service.ts,115
contabilidad.service,reservarinvoice,POST,,AtlantesFE-main/AtlantesFE-main/src/app/services/contabilidad.service.ts,120
contabilidad.service,generarinvoice,POST,,AtlantesFE-main/AtlantesFE-main/src/app/services/contabilidad.service.ts,125
contabilidad.service,downloadInvoice,GET,,AtlantesFE-main/AtlantesFE-main/src/app/services/contabilidad.service.ts,130
contabilidad.service,downloadInvoiceMembretada,GET,,AtlantesFE-main/AtlantesFE-main/src/app/services/contabilidad.service.ts,135
contabilidad.service,verplanillas,GET,,AtlantesFE-main/AtlantesFE-main/src/app/services/contabilidad.service.ts,140
contabilidad.service,generarplanilla,POST,,AtlantesFE-main/AtlantesFE-main/src/app/services/contabilidad.service.ts,145
contabilidad.service,downloadplanilla,GET,,AtlantesFE-main/AtlantesFE-main/src/app/services/contabilidad.service.ts,150
contabilidad.service,verdevoluciones,GET,,AtlantesFE-main/AtlantesFE-main/src/app/services/contabilidad.service.ts,155
contabilidad.service,verordenespago,GET,,AtlantesFE-main/AtlantesFE-main/src/app/services/contabilidad.service.ts,160
contabilidad.service,verordenespagorango,GET,,AtlantesFE-main/AtlantesFE-main/src/app/services/contabilidad.service.ts,165
contabilidad.service,anularOrdenPago,POST,,AtlantesFE-main/AtlantesFE-main/src/app/services/contabilidad.service.ts,178
contabilidad.service,verpagosagenteexterior,GET,,AtlantesFE-main/AtlantesFE-main/src/app/services/contabilidad.service.ts,183
contabilidad.service,generarordenpago,POST,,AtlantesFE-main/AtlantesFE-main/src/app/services/contabilidad.service.ts,188
contabilidad.service,downloadordenpago,GET,,AtlantesFE-main/AtlantesFE-main/src/app/services/contabilidad.service.ts,193
contabilidad.service,migrarOrdenPago,PUT,,AtlantesFE-main/AtlantesFE-main/src/app/services/contabilidad.service.ts,198
contabilidad.service,generarordenservicio,POST,,AtlantesFE-main/AtlantesFE-main/src/app/services/contabilidad.service.ts,203
contabilidad.service,downloadOrdenServicio,GET,/download/,AtlantesFE-main/AtlantesFE-main/src/app/services/contabilidad.service.ts,208
contabilidad.service,cobrosdetalle,GET,,AtlantesFE-main/AtlantesFE-main/src/app/services/contabilidad.service.ts,213
contabilidad.service,cobros,GET,,AtlantesFE-main/AtlantesFE-main/src/app/services/contabilidad.service.ts,218
contabilidad.service,aplicarcobros,POST,/aplicar,AtlantesFE-main/AtlantesFE-main/src/app/services/contabilidad.service.ts,223
contabilidad.service,historicopagos,GET,/historico/,AtlantesFE-main/AtlantesFE-main/src/app/services/contabilidad.service.ts,228
contabilidad.service,anticipos,GET,,AtlantesFE-main/AtlantesFE-main/src/app/services/contabilidad.service.ts,233
contabilidad.service,saveAnticipo,POST,,AtlantesFE-main/AtlantesFE-main/src/app/services/contabilidad.service.ts,238
contabilidad.service,downloadAnticipo,GET,,AtlantesFE-main/AtlantesFE-main/src/app/services/contabilidad.service.ts,243
contabilidad.service,downloadCobro,GET,,AtlantesFE-main/AtlantesFE-main/src/app/services/contabilidad.service.ts,248
contabilidad.service,pagos,GET,,AtlantesFE-main/AtlantesFE-main/src/app/services/contabilidad.service.ts,254
contabilidad.service,aplicarpagos,POST,/aplicar,AtlantesFE-main/AtlantesFE-main/src/app/services/contabilidad.service.ts,259
contabilidad.service,pagados,GET,,AtlantesFE-main/AtlantesFE-main/src/app/services/contabilidad.service.ts,264
contabilidad.service,downloadPago,GET,,AtlantesFE-main/AtlantesFE-main/src/app/services/contabilidad.service.ts,269
contabilidad.service,saldos,GET,,AtlantesFE-main/AtlantesFE-main/src/app/services/contabilidad.service.ts,274
contabilidad.service,devolversaldos,POST,/devolver,AtlantesFE-main/AtlantesFE-main/src/app/services/contabilidad.service.ts,279
contabilidad.service,devueltos,GET,,AtlantesFE-main/AtlantesFE-main/src/app/services/contabilidad.service.ts,284
contabilidad.service,downloadDevolucion,GET,,AtlantesFE-main/AtlantesFE-main/src/app/services/contabilidad.service.ts,291
contabilidad.service,reporteCobranzas,GET,,AtlantesFE-main/AtlantesFE-main/src/app/services/contabilidad.service.ts,296
contabilidad.service,reporteAnticipos,GET,,AtlantesFE-main/AtlantesFE-main/src/app/services/contabilidad.service.ts,301
contabilidad.service,reporteFacturasConcepto,GET,,AtlantesFE-main/AtlantesFE-main/src/app/services/contabilidad.service.ts,306
contabilidad.service,reporteOrdenesPagoConcepto,GET,,AtlantesFE-main/AtlantesFE-main/src/app/services/contabilidad.service.ts,311
contabilidad.service,reporteMontosConcepto,GET,,AtlantesFE-main/AtlantesFE-main/src/app/services/contabilidad.service.ts,316
datomaestro.service,importacion_exportacion,GET,,AtlantesFE-main/AtlantesFE-main/src/app/services/datomaestro.service.ts,18
datomaestro.service,tiposembarque,GET,,AtlantesFE-main/AtlantesFE-main/src/app/services/datomaestro.service.ts,23
datomaestro.service,incoterms,GET,,AtlantesFE-main/AtlantesFE-main/src/app/services/datomaestro.service.ts,28
datomaestro.service,empresas,GET,,AtlantesFE-main/AtlantesFE-main/src/app/services/datomaestro.service.ts,33
datomaestro.service,ciudades,GET,,AtlantesFE-main/AtlantesFE-main/src/app/services/datomaestro.service.ts,38
datomaestro.service,timezones,GET,,AtlantesFE-main/AtlantesFE-main/src/app/services/datomaestro.service.ts,43
datomaestro.service,addciudad,POST,,AtlantesFE-main/AtlantesFE-main/src/app/services/datomaestro.service.ts,48
datomaestro.service,saveciudad,PUT,,AtlantesFE-main/AtlantesFE-main/src/app/services/datomaestro.service.ts,53
datomaestro.service,entidades,GET,,AtlantesFE-main/AtlantesFE-main/src/app/services/datomaestro.service.ts,58
datomaestro.service,mediostransporte,GET,,AtlantesFE-main/AtlantesFE-main/src/app/services/datomaestro.service.ts,63
datomaestro.service,tiposcarga,GET,,AtlantesFE-main/AtlantesFE-main/src/app/services/datomaestro.service.ts,68
datomaestro.service,aduanas,GET,,AtlantesFE-main/AtlantesFE-main/src/app/services/datomaestro.service.ts,73
datomaestro.service,temperaturas,GET,,AtlantesFE-main/AtlantesFE-main/src/app/services/datomaestro.service.ts,78
datomaestro.service,horarios,GET,,AtlantesFE-main/AtlantesFE-main/src/app/services/datomaestro.service.ts,83
datomaestro.service,conceptos,GET,,AtlantesFE-main/AtlantesFE-main/src/app/services/datomaestro.service.ts,88
datomaestro.service,addconcepto,POST,,AtlantesFE-main/AtlantesFE-main/src/app/services/datomaestro.service.ts,93
datomaestro.service,saveconcepto,PUT,,AtlantesFE-main/AtlantesFE-main/src/app/services/datomaestro.service.ts,98
datomaestro.service,listadivisas,GET,,AtlantesFE-main/AtlantesFE-main/src/app/services/datomaestro.service.ts,103
datomaestro.service,divisas,GET,,AtlantesFE-main/AtlantesFE-main/src/app/services/datomaestro.service.ts,108
datomaestro.service,savedivisas,PUT,,AtlantesFE-main/AtlantesFE-main/src/app/services/datomaestro.service.ts,113
datomaestro.service,divisasordenservicio,GET,,AtlantesFE-main/AtlantesFE-main/src/app/services/datomaestro.service.ts,118
datomaestro.service,tiposcambio,POST,,AtlantesFE-main/AtlantesFE-main/src/app/services/datomaestro.service.ts,123
datomaestro.service,savetiposcambio,PUT,,AtlantesFE-main/AtlantesFE-main/src/app/services/datomaestro.service.ts,128
datomaestro.service,tiposevento,GET,,AtlantesFE-main/AtlantesFE-main/src/app/services/datomaestro.service.ts,133
datomaestro.service,eventodescripcion,GET,,AtlantesFE-main/AtlantesFE-main/src/app/services/datomaestro.service.ts,138
datomaestro.service,contemplaciones,GET,,AtlantesFE-main/AtlantesFE-main/src/app/services/datomaestro.service.ts,143
datomaestro.service,addcontemplacion,POST,,AtlantesFE-main/AtlantesFE-main/src/app/services/datomaestro.service.ts,148
datomaestro.service,savecontemplacion,PUT,,AtlantesFE-main/AtlantesFE-main/src/app/services/datomaestro.service.ts,153
datomaestro.service,consideraciones,GET,,AtlantesFE-main/AtlantesFE-main/src/app/services/datomaestro.service.ts,158
datomaestro.service,addconsideracion,POST,,AtlantesFE-main/AtlantesFE-main/src/app/services/datomaestro.service.ts,163
datomaestro.service,saveconsideracion,PUT,,AtlantesFE-main/AtlantesFE-main/src/app/services/datomaestro.service.ts,168
datomaestro.service,cuentas,GET,,AtlantesFE-main/AtlantesFE-main/src/app/services/datomaestro.service.ts,173
datomaestro.service,addcuenta,POST,,AtlantesFE-main/AtlantesFE-main/src/app/services/datomaestro.service.ts,178
datomaestro.service,savecuenta,PUT,,AtlantesFE-main/AtlantesFE-main/src/app/services/datomaestro.service.ts,183
datomaestro.service,tiposplanilla,GET,,AtlantesFE-main/AtlantesFE-main/src/app/services/datomaestro.service.ts,188
datomaestro.service,nombrefactura,GET,,AtlantesFE-main/AtlantesFE-main/src/app/services/datomaestro.service.ts,193
datomaestro.service,correosfactura,GET,,AtlantesFE-main/AtlantesFE-main/src/app/services/datomaestro.service.ts,198
datomaestro.service,tiposdescarga,GET,,AtlantesFE-main/AtlantesFE-main/src/app/services/datomaestro.service.ts,203
datomaestro.service,tiposcontenedor,GET,,AtlantesFE-main/AtlantesFE-main/src/app/services/datomaestro.service.ts,208
datomaestro.service,tiposproducto,GET,,AtlantesFE-main/AtlantesFE-main/src/app/services/datomaestro.service.ts,213
datomaestro.service,tiposingreso,GET,,AtlantesFE-main/AtlantesFE-main/src/app/services/datomaestro.service.ts,218
datomaestro.service,embalajes,GET,,AtlantesFE-main/AtlantesFE-main/src/app/services/datomaestro.service.ts,223
datomaestro.service,no_confs,GET,,AtlantesFE-main/AtlantesFE-main/src/app/services/datomaestro.service.ts,228
datomaestro.service,clasificaciones,GET,,AtlantesFE-main/AtlantesFE-main/src/app/services/datomaestro.service.ts,233
datomaestro.service,mermas,GET,,AtlantesFE-main/AtlantesFE-main/src/app/services/datomaestro.service.ts,238
datomaestro.service,tipostransferencia,GET,,AtlantesFE-main/AtlantesFE-main/src/app/services/datomaestro.service.ts,243
datomaestro.service,tiposliquidacion,GET,,AtlantesFE-main/AtlantesFE-main/src/app/services/datomaestro.service.ts,248
datomaestro.service,productoscliente,GET,,AtlantesFE-main/AtlantesFE-main/src/app/services/datomaestro.service.ts,253
datomaestro.service,addproductoscliente,POST,,AtlantesFE-main/AtlantesFE-main/src/app/services/datomaestro.service.ts,258
datomaestro.service,addproductosclientemasivo,POST,/cargamasiva,AtlantesFE-main/AtlantesFE-main/src/app/services/datomaestro.service.ts,267
datomaestro.service,saveproductoscliente,PUT,,AtlantesFE-main/AtlantesFE-main/src/app/services/datomaestro.service.ts,272
datomaestro.service,eliminarproductoscliente,DELETE,,AtlantesFE-main/AtlantesFE-main/src/app/services/datomaestro.service.ts,277
datomaestro.service,referencia_salida,GET,,AtlantesFE-main/AtlantesFE-main/src/app/services/datomaestro.service.ts,282
datomaestro.service,cargardocumento,POST,,AtlantesFE-main/AtlantesFE-main/src/app/services/datomaestro.service.ts,293
datomaestro.service,downloaddocumento,POST,,AtlantesFE-main/AtlantesFE-main/src/app/services/datomaestro.service.ts,302
datomaestro.service,eliminardocumento,POST,,AtlantesFE-main/AtlantesFE-main/src/app/services/datomaestro.service.ts,311
datomaestro.service,columnas_mover_dividir,GET,,AtlantesFE-main/AtlantesFE-main/src/app/services/datomaestro.service.ts,316
datomaestro.service,columnas_pedido,GET,,AtlantesFE-main/AtlantesFE-main/src/app/services/datomaestro.service.ts,321
datomaestro.service,tiposdocumento,GET,,AtlantesFE-main/AtlantesFE-main/src/app/services/datomaestro.service.ts,326
datomaestro.service,centros_rubro,GET,,AtlantesFE-main/AtlantesFE-main/src/app/services/datomaestro.service.ts,331
datomaestro.service,tipospedido,GET,,AtlantesFE-main/AtlantesFE-main/src/app/services/datomaestro.service.ts,337
datomaestro.service,motivosanulacion,GET,,AtlantesFE-main/AtlantesFE-main/src/app/services/datomaestro.service.ts,342
datomaestro.service,status,GET,,AtlantesFE-main/AtlantesFE-main/src/app/services/datomaestro.service.ts,347
datomaestro.service,docs_errada,GET,,AtlantesFE-main/AtlantesFE-main/src/app/services/datomaestro.service.ts,352
datomaestro.service,listado_permisos,GET,,AtlantesFE-main/AtlantesFE-main/src/app/services/datomaestro.service.ts,357
datomaestro.service,accesorios_vehiculos,GET,,AtlantesFE-main/AtlantesFE-main/src/app/services/datomaestro.service.ts,362
datomaestro.service,accesorios_vehiculos_salidas,GET,,AtlantesFE-main/AtlantesFE-main/src/app/services/datomaestro.service.ts,367
datomaestro.service,destinos_cargo,GET,,AtlantesFE-main/AtlantesFE-main/src/app/services/datomaestro.service.ts,372
datomaestro.service,tipos_bulto,GET,,AtlantesFE-main/AtlantesFE-main/src/app/services/datomaestro.service.ts,377
datomaestro.service,timbrados_turno,GET,,AtlantesFE-main/AtlantesFE-main/src/app/services/datomaestro.service.ts,382
datomaestro.service,inventariofisico_etiquetas,GET,,AtlantesFE-main/AtlantesFE-main/src/app/services/datomaestro.service.ts,387
datomaestro.service,solicitantes,GET,,AtlantesFE-main/AtlantesFE-main/src/app/services/datomaestro.service.ts,392
datomaestro.service,movilizadores,GET,,AtlantesFE-main/AtlantesFE-main/src/app/services/datomaestro.service.ts,397
datomaestro.service,etapas,GET,,AtlantesFE-main/AtlantesFE-main/src/app/services/datomaestro.service.ts,402
datomaestro.service,ate_gas_motivos_pausa,GET,,AtlantesFE-main/AtlantesFE-main/src/app/services/datomaestro.service.ts,407
embarque.service,cotizaciones,GET,,AtlantesFE-main/AtlantesFE-main/src/app/services/embarque.service.ts,18
embarque.service,cotizaciondetalle,GET,,AtlantesFE-main/AtlantesFE-main/src/app/services/embarque.service.ts,23
embarque.service,crearcotizacion,POST,,AtlantesFE-main/AtlantesFE-main/src/app/services/embarque.service.ts,28
embarque.service,savecotizacion,PUT,,AtlantesFE-main/AtlantesFE-main/src/app/services/embarque.service.ts,33
embarque.service,descargarcotizacion,GET,/documento/,AtlantesFE-main/AtlantesFE-main/src/app/services/embarque.service.ts,38
embarque.service,convertircotizacion,POST,/crearembarque,AtlantesFE-main/AtlantesFE-main/src/app/services/embarque.service.ts,43
embarque.service,embarques,POST,,AtlantesFE-main/AtlantesFE-main/src/app/services/embarque.service.ts,49
embarque.service,crearembarque,POST,,AtlantesFE-main/AtlantesFE-main/src/app/services/embarque.service.ts,54
embarque.service,embarquesdetalle,GET,,AtlantesFE-main/AtlantesFE-main/src/app/services/embarque.service.ts,59
embarque.service,cargardocumento,POST,/cargardocumento,AtlantesFE-main/AtlantesFE-main/src/app/services/embarque.service.ts,75
embarque.service,download,GET,/download/,AtlantesFE-main/AtlantesFE-main/src/app/services/embarque.service.ts,80
embarque.service,eliminardocumento,DELETE,/eliminardocumento/,AtlantesFE-main/AtlantesFE-main/src/app/services/embarque.service.ts,85
embarque.service,savegeneral,PUT,/general,AtlantesFE-main/AtlantesFE-main/src/app/services/embarque.service.ts,90
embarque.service,saveentidades,PUT,/entidades,AtlantesFE-main/AtlantesFE-main/src/app/services/embarque.service.ts,95
embarque.service,saveruta,PUT,/ruta,AtlantesFE-main/AtlantesFE-main/src/app/services/embarque.service.ts,100
embarque.service,savecargos,PUT,/cargos,AtlantesFE-main/AtlantesFE-main/src/app/services/embarque.service.ts,105
embarque.service,getcargosprametros,POST,/importarcargos,AtlantesFE-main/AtlantesFE-main/src/app/services/embarque.service.ts,110
embarque.service,savecostos,PUT,/costos,AtlantesFE-main/AtlantesFE-main/src/app/services/embarque.service.ts,116
embarque.service,savecargoscostosagente,PUT,/cargoscostosagente,AtlantesFE-main/AtlantesFE-main/src/app/services/embarque.service.ts,121
embarque.service,saveeventos,PUT,/eventos,AtlantesFE-main/AtlantesFE-main/src/app/services/embarque.service.ts,126
embarque.service,correoeventos,POST,/eventos/enviarcorreo,AtlantesFE-main/AtlantesFE-main/src/app/services/embarque.service.ts,131
embarque.service,finalizarembarque,PUT,,AtlantesFE-main/AtlantesFE-main/src/app/services/embarque.service.ts,136
embarque.service,duplicarembarque,POST,/duplicar,AtlantesFE-main/AtlantesFE-main/src/app/services/embarque.service.ts,141
embarque.service,downloadDocCierre,GET,/documentocierre,AtlantesFE-main/AtlantesFE-main/src/app/services/embarque.service.ts,146
embarque.service,downloadCaratula,GET,/caratula,AtlantesFE-main/AtlantesFE-main/src/app/services/embarque.service.ts,151
empresa.service,empresadetalle,GET,,AtlantesFE-main/AtlantesFE-main/src/app/services/empresa.service.ts,18
empresa.service,saveempresa,PUT,,AtlantesFE-main/AtlantesFE-main/src/app/services/empresa.service.ts,23
empresa.service,cargarimagen,POST,,AtlantesFE-main/AtlantesFE-main/src/app/services/empresa.service.ts,39
entidades.service,verclientes,GET,,AtlantesFE-main/AtlantesFE-main/src/app/services/entidades.service.ts,18
entidades.service,vercliente,GET,,AtlantesFE-main/AtlantesFE-main/src/app/services/entidades.service.ts,23
entidades.service,verificarusername,GET,,AtlantesFE-main/AtlantesFE-main/src/app/services/entidades.service.ts,28
entidades.service,vernoconfnoconsiderar,GET,,AtlantesFE-main/AtlantesFE-main/src/app/services/entidades.service.ts,33
entidades.service,savecliente,PUT,,AtlantesFE-main/AtlantesFE-main/src/app/services/entidades.service.ts,38
entidades.service,addcliente,POST,,AtlantesFE-main/AtlantesFE-main/src/app/services/entidades.service.ts,43
entidades.service,vertransportistas,GET,,AtlantesFE-main/AtlantesFE-main/src/app/services/entidades.service.ts,48
entidades.service,savetransportista,PUT,,AtlantesFE-main/AtlantesFE-main/src/app/services/entidades.service.ts,53
entidades.service,addtransportista,POST,,AtlantesFE-main/AtlantesFE-main/src/app/services/entidades.service.ts,58
entidades.service,veragentescarga,GET,,AtlantesFE-main/AtlantesFE-main/src/app/services/entidades.service.ts,63
entidades.service,saveagentescarga,PUT,,AtlantesFE-main/AtlantesFE-main/src/app/services/entidades.service.ts,68
entidades.service,addagentescarga,POST,,AtlantesFE-main/AtlantesFE-main/src/app/services/entidades.service.ts,73
entidades.service,verproveedores,GET,,AtlantesFE-main/AtlantesFE-main/src/app/services/entidades.service.ts,78
entidades.service,saveproveedores,PUT,,AtlantesFE-main/AtlantesFE-main/src/app/services/entidades.service.ts,83
entidades.service,addproveedores,POST,,AtlantesFE-main/AtlantesFE-main/src/app/services/entidades.service.ts,88
entidades.service,verprestadores,GET,,AtlantesFE-main/AtlantesFE-main/src/app/services/entidades.service.ts,93
entidades.service,saveprestadores,PUT,,AtlantesFE-main/AtlantesFE-main/src/app/services/entidades.service.ts,98
entidades.service,addprestadores,POST,,AtlantesFE-main/AtlantesFE-main/src/app/services/entidades.service.ts,103
usuario.service,verificardoblefactor,POST,,AtlantesFE-main/AtlantesFE-main/src/app/services/usuario.service.ts,28
usuario.service,verificarcodigodoblefactor,POST,,AtlantesFE-main/AtlantesFE-main/src/app/services/usuario.service.ts,33
usuario.service,login,POST,,AtlantesFE-main/AtlantesFE-main/src/app/services/usuario.service.ts,42
usuario.service,usuarios,GET,,AtlantesFE-main/AtlantesFE-main/src/app/services/usuario.service.ts,136
usuario.service,recuperarcontrasena,POST,,AtlantesFE-main/AtlantesFE-main/src/app/services/usuario.service.ts,141
usuario.service,verificarcodigo,POST,,AtlantesFE-main/AtlantesFE-main/src/app/services/usuario.service.ts,146
usuario.service,resetearcontrasena,POST,,AtlantesFE-main/AtlantesFE-main/src/app/services/usuario.service.ts,151
usuario.service,verusuario,GET,,AtlantesFE-main/AtlantesFE-main/src/app/services/usuario.service.ts,156
usuario.service,verusuariosalmacen,GET,,AtlantesFE-main/AtlantesFE-main/src/app/services/usuario.service.ts,161
usuario.service,tiposusuario,GET,,AtlantesFE-main/AtlantesFE-main/src/app/services/usuario.service.ts,166
usuario.service,verificarusername,GET,,AtlantesFE-main/AtlantesFE-main/src/app/services/usuario.service.ts,171
usuario.service,saveusuario,PUT,,AtlantesFE-main/AtlantesFE-main/src/app/services/usuario.service.ts,176
usuario.service,saveperfil,PUT,,AtlantesFE-main/AtlantesFE-main/src/app/services/usuario.service.ts,181
usuario.service,addusuario,POST,,AtlantesFE-main/AtlantesFE-main/src/app/services/usuario.service.ts,186
usuario.service,cambiarcontrasena,PUT,,AtlantesFE-main/AtlantesFE-main/src/app/services/usuario.service.ts,191
usuario.service,savecolumnas_mover_dividir,PUT,,AtlantesFE-main/AtlantesFE-main/src/app/services/usuario.service.ts,196
usuario.service,savecolumnas_pedido,PUT,,AtlantesFE-main/AtlantesFE-main/src/app/services/usuario.service.ts,201
usuario.service,cambiarclientealmacen,PUT,,AtlantesFE-main/AtlantesFE-main/src/app/services/usuario.service.ts,206
usuario.service,cambiaralmacen,PUT,,AtlantesFE-main/AtlantesFE-main/src/app/services/usuario.service.ts,211
