table,file,select,join,insert,update,delete,total_refs
1,AtlantesBE-main/AtlantesBE-main/lib/phpqrcode/bindings/tcpdf/qrcode.php,2,0,0,0,0,2
Composer,AtlantesBE-main/AtlantesBE-main/scripts/strip-phpunit-eager-load.php,1,0,0,0,0,1
PAC_PARAM_FACTURAS,AtlantesBE-main/AtlantesBE-main/app/functions/generarcodigocontrol.php,1,0,0,0,0,1
RESTRICT,almacen.sql,0,0,0,3,0,3
bytes,AtlantesBE-main/AtlantesBE-main/lib/phpqrcode/bindings/tcpdf/qrcode.php,2,0,0,0,0,2
dav_aduana,AtlantesBE-main/AtlantesBE-main/app/routes/asgard.php,0,1,0,0,0,1
dav_anticipos,AtlantesBE-main/AtlantesBE-main/app/functions/ovp.php,1,2,0,6,0,9
dav_banco,AtlantesBE-main/AtlantesBE-main/app/functions/ovp.php,9,12,0,0,0,21
dav_casos,AtlantesBE-main/AtlantesBE-main/app/functions/integraciones_asgard.php,0,0,0,2,0,2
dav_casos,AtlantesBE-main/AtlantesBE-main/app/functions/ovp.php,2,15,0,0,0,17
dav_casos,AtlantesBE-main/AtlantesBE-main/app/routes/asgard.php,0,1,0,0,0,1
dav_cliente,AtlantesBE-main/AtlantesBE-main/app/functions/ovp.php,0,18,0,0,0,18
dav_cliente,AtlantesBE-main/AtlantesBE-main/app/routes/asgard.php,0,2,0,0,0,2
dav_cobros,AtlantesBE-main/AtlantesBE-main/app/functions/ovp.php,0,0,0,18,0,18
dav_concepto,AtlantesBE-main/AtlantesBE-main/app/functions/ovp.php,6,15,0,0,0,21
dav_concepto,AtlantesBE-main/AtlantesBE-main/app/routes/asgard.php,0,1,0,0,0,1
dav_dato,AtlantesBE-main/AtlantesBE-main/app/routes/asgard.php,0,3,0,0,0,3
dav_documentos,AtlantesBE-main/AtlantesBE-main/app/routes/asgard.php,3,3,0,0,0,6
dav_facturacomercial,AtlantesBE-main/AtlantesBE-main/app/routes/asgard.php,0,2,0,0,0,2
dav_facturaplanilla,AtlantesBE-main/AtlantesBE-main/app/functions/ovp.php,2,5,0,3,0,10
dav_facturaplanilla,AtlantesBE-main/AtlantesBE-main/app/routes/asgard.php,0,1,0,0,0,1
dav_facturasdetalle,AtlantesBE-main/AtlantesBE-main/app/functions/ovp.php,0,1,0,0,0,1
dav_incoterms,AtlantesBE-main/AtlantesBE-main/app/routes/asgard.php,0,1,0,0,0,1
dav_notasdebito,AtlantesBE-main/AtlantesBE-main/app/functions/ovp.php,0,5,0,1,0,6
dav_notasdebitodetalle,AtlantesBE-main/AtlantesBE-main/app/functions/ovp.php,1,3,0,0,0,4
dav_pagos,AtlantesBE-main/AtlantesBE-main/app/functions/ovp.php,1,13,0,0,0,14
dav_pagosdetalle,AtlantesBE-main/AtlantesBE-main/app/functions/ovp.php,5,0,0,0,0,5
dav_pagosdetalle,AtlantesBE-main/AtlantesBE-main/app/routes/asgard.php,0,1,0,0,0,1
dav_pagosovp,AtlantesBE-main/AtlantesBE-main/app/functions/ovp.php,11,5,7,20,0,43
dav_partidas,AtlantesBE-main/AtlantesBE-main/app/routes/asgard.php,0,1,0,0,0,1
dav_proveedor,AtlantesBE-main/AtlantesBE-main/app/routes/asgard.php,0,2,0,0,0,2
dav_tipoanticipos,AtlantesBE-main/AtlantesBE-main/app/functions/ovp.php,0,1,0,0,0,1
dav_tiponotasdebito,AtlantesBE-main/AtlantesBE-main/app/functions/ovp.php,0,3,0,0,0,3
dav_tipotransferencia,AtlantesBE-main/AtlantesBE-main/app/functions/ovp.php,0,1,0,0,0,1
dav_transportista,AtlantesBE-main/AtlantesBE-main/app/routes/asgard.php,0,1,0,0,0,1
dav_unidad,AtlantesBE-main/AtlantesBE-main/app/routes/asgard.php,0,1,0,0,0,1
de,AtlantesBE-main/AtlantesBE-main/app/routes/almacenes.php,0,0,0,1,0,1
full,AtlantesBE-main/AtlantesBE-main/lib/phpqrcode/phpqrcode.php,1,0,0,0,0,1
full,AtlantesBE-main/AtlantesBE-main/lib/phpqrcode/tools/merged_header.php,1,0,0,0,0,1
its,AtlantesBE-main/AtlantesBE-main/lib/phpqrcode/bindings/tcpdf/qrcode.php,1,0,0,0,0,1
its,AtlantesBE-main/AtlantesBE-main/lib/phpqrcode/phpqrcode.php,1,0,0,0,0,1
its,AtlantesBE-main/AtlantesBE-main/lib/phpqrcode/qrrscode.php,1,0,0,0,0,1
log_ovp,AtlantesBE-main/AtlantesBE-main/app/functions/logOVP.php,0,0,1,0,0,1
number,AtlantesBE-main/AtlantesBE-main/lib/phpqrcode/bindings/tcpdf/qrcode.php,2,0,0,0,0,2
ocr_prm_atlantes,AtlantesBE-main/AtlantesBE-main/app/functions/integraciones_asgard.php,0,0,1,0,0,1
proxy,AtlantesBE-main/AtlantesBE-main/app/functions/logOVP.php,1,0,0,0,0,1
share,AtlantesBE-main/AtlantesBE-main/app/functions/logOVP.php,1,0,0,0,0,1
t_accesorios_vehiculos,AtlantesBE-main/AtlantesBE-main/app/routes/almacenes.php,0,2,0,0,0,2
t_accesorios_vehiculos,AtlantesBE-main/AtlantesBE-main/app/routes/datosmaestro.php,1,0,0,0,0,1
t_accesorios_vehiculos_salidas,AtlantesBE-main/AtlantesBE-main/app/routes/datosmaestro.php,1,0,0,0,0,1
t_aduana,AtlantesBE-main/AtlantesBE-main/app/routes/datosmaestro.php,1,0,0,0,0,1
t_aduana,AtlantesBE-main/AtlantesBE-main/app/routes/entidades.php,0,1,0,0,0,1
t_agentecarga,AtlantesBE-main/AtlantesBE-main/app/functions/ovp.php,0,2,0,0,0,2
t_agentecarga,AtlantesBE-main/AtlantesBE-main/app/routes/contabilidad.php,1,22,0,0,0,23
t_agentecarga,AtlantesBE-main/AtlantesBE-main/app/routes/embarques.php,0,1,0,0,0,1
t_agentecarga,AtlantesBE-main/AtlantesBE-main/app/routes/entidades.php,0,4,1,1,0,6
t_agentecarga,almacen.sql,0,4,0,0,0,4
t_agentecargacorreofacturacion,AtlantesBE-main/AtlantesBE-main/app/routes/entidades.php,2,0,2,1,1,6
t_agentecargadireccion,AtlantesBE-main/AtlantesBE-main/app/routes/contabilidad.php,0,2,0,0,0,2
t_agentecargadireccion,AtlantesBE-main/AtlantesBE-main/app/routes/entidades.php,2,0,2,1,1,6
t_almacen,AtlantesBE-main/AtlantesBE-main/app/routes/almacenes.php,1,12,0,0,0,13
t_almacen,AtlantesBE-main/AtlantesBE-main/app/routes/usuarios.php,0,4,0,0,0,4
t_almacen,AtlantesBE-main/AtlantesBE-main/app/services/DateTimeService.php,1,0,0,0,0,1
t_almacen,almacen.sql,0,2,0,0,0,2
t_almacendetalle,AtlantesBE-main/AtlantesBE-main/app/routes/almacenes.php,1,23,0,0,0,24
t_almacendetalle,almacen.sql,0,2,0,0,0,2
t_anticipo,AtlantesBE-main/AtlantesBE-main/app/routes/contabilidad.php,0,11,2,0,0,13
t_ate_gas,AtlantesBE-main/AtlantesBE-main/app/routes/almacenes.php,4,17,1,5,0,27
t_ate_gas_etapa,AtlantesBE-main/AtlantesBE-main/app/routes/almacenes.php,2,3,2,5,0,12
t_ate_gas_etapa_imagen,AtlantesBE-main/AtlantesBE-main/app/routes/almacenes.php,0,0,1,0,0,1
t_ate_gas_etapa_inventario,AtlantesBE-main/AtlantesBE-main/app/routes/almacenes.php,2,1,1,2,0,6
t_ate_gas_etapa_inventario_imagen,AtlantesBE-main/AtlantesBE-main/app/routes/almacenes.php,0,0,1,1,0,2
t_ate_gas_etapa_tecnico,AtlantesBE-main/AtlantesBE-main/app/routes/almacenes.php,1,2,1,2,0,6
t_ate_gas_etapa_tecnico_qa,AtlantesBE-main/AtlantesBE-main/app/routes/almacenes.php,1,0,1,2,0,4
t_ate_gas_etapa_tiempos,AtlantesBE-main/AtlantesBE-main/app/routes/almacenes.php,0,4,1,2,0,7
t_ate_gas_motivo_pausa,AtlantesBE-main/AtlantesBE-main/app/routes/datosmaestro.php,1,0,0,0,0,1
t_ate_gas_ubicacion,AtlantesBE-main/AtlantesBE-main/app/routes/almacenes.php,0,11,2,2,0,15
t_baseproductos,AtlantesBE-main/AtlantesBE-main/app/routes/almacenes.php,0,15,0,0,0,15
t_baseproductos,AtlantesBE-main/AtlantesBE-main/app/routes/datosmaestro.php,1,1,2,1,1,6
t_baseproductos,almacen.sql,0,1,0,0,0,1
t_cargo,AtlantesBE-main/AtlantesBE-main/app/functions/ovp.php,0,5,0,0,0,5
t_cargo,AtlantesBE-main/AtlantesBE-main/app/routes/contabilidad.php,0,9,0,6,0,15
t_cargo,AtlantesBE-main/AtlantesBE-main/app/routes/embarques.php,3,0,4,2,2,11
t_cargo,almacen.sql,0,15,0,0,0,15
t_categoriaalmacendetalle,AtlantesBE-main/AtlantesBE-main/app/routes/almacenes.php,0,3,0,0,0,3
t_centro_rubro,AtlantesBE-main/AtlantesBE-main/app/routes/almacenes.php,0,1,0,0,0,1
t_centro_rubro,AtlantesBE-main/AtlantesBE-main/app/routes/datosmaestro.php,1,0,0,0,0,1
t_ciudad,AtlantesBE-main/AtlantesBE-main/app/routes/almacenes.php,0,7,0,0,0,7
t_ciudad,AtlantesBE-main/AtlantesBE-main/app/routes/contabilidad.php,0,18,0,0,0,18
t_ciudad,AtlantesBE-main/AtlantesBE-main/app/routes/datosmaestro.php,2,0,1,1,0,4
t_ciudad,AtlantesBE-main/AtlantesBE-main/app/routes/embarques.php,0,6,0,0,0,6
t_ciudad,AtlantesBE-main/AtlantesBE-main/app/routes/entidades.php,0,1,0,0,0,1
t_ciudad,AtlantesBE-main/AtlantesBE-main/app/routes/usuarios.php,0,4,0,0,0,4
t_ciudad,AtlantesBE-main/AtlantesBE-main/app/services/DateTimeService.php,1,1,0,0,0,2
t_ciudad,almacen.sql,0,5,0,0,0,5
t_clasificacion,AtlantesBE-main/AtlantesBE-main/app/routes/almacenes.php,0,7,0,0,0,7
t_clasificacion,AtlantesBE-main/AtlantesBE-main/app/routes/datosmaestro.php,1,0,0,0,0,1
t_cleintemetodotimbrado,AtlantesBE-main/AtlantesBE-main/app/routes/almacenes.php,0,4,0,0,0,4
t_cleintemetodotimbrado,AtlantesBE-main/AtlantesBE-main/app/routes/entidades.php,2,0,2,1,1,6
t_cliente,AtlantesBE-main/AtlantesBE-main/app/functions/ovp.php,0,6,0,0,0,6
t_cliente,AtlantesBE-main/AtlantesBE-main/app/routes/almacenes.php,19,56,0,0,0,75
t_cliente,AtlantesBE-main/AtlantesBE-main/app/routes/contabilidad.php,1,27,0,0,0,28
t_cliente,AtlantesBE-main/AtlantesBE-main/app/routes/datosmaestro.php,0,2,0,0,0,2
t_cliente,AtlantesBE-main/AtlantesBE-main/app/routes/embarques.php,0,10,0,0,0,10
t_cliente,AtlantesBE-main/AtlantesBE-main/app/routes/entidades.php,0,7,1,1,0,9
t_cliente,almacen.sql,0,10,0,0,0,10
t_clientecorreofacturacion,AtlantesBE-main/AtlantesBE-main/app/routes/entidades.php,2,0,2,1,1,6
t_clientecorreovencimientoprm,AtlantesBE-main/AtlantesBE-main/app/routes/almacenes.php,1,1,0,0,0,2
t_clientediasvencimiento,AtlantesBE-main/AtlantesBE-main/app/routes/almacenes.php,3,3,0,0,0,6
t_clientediasvencimiento,AtlantesBE-main/AtlantesBE-main/app/routes/entidades.php,2,0,2,1,1,6
t_clientedireccion,AtlantesBE-main/AtlantesBE-main/app/routes/embarques.php,2,0,0,0,0,2
t_clientedireccion,AtlantesBE-main/AtlantesBE-main/app/routes/entidades.php,2,0,2,1,1,6
t_clientegestionlogistica,AtlantesBE-main/AtlantesBE-main/app/routes/entidades.php,2,0,2,1,1,6
t_clienteserviciologistico,AtlantesBE-main/AtlantesBE-main/app/routes/entidades.php,2,0,2,1,1,6
t_cobro,AtlantesBE-main/AtlantesBE-main/app/routes/contabilidad.php,1,2,1,0,0,4
t_codigosrecuperarcontrasena,AtlantesBE-main/AtlantesBE-main/app/routes/usuarios.php,1,1,1,1,0,4
t_columnas_moverdividir,AtlantesBE-main/AtlantesBE-main/app/routes/usuarios.php,0,1,0,0,0,1
t_columnas_pedido,AtlantesBE-main/AtlantesBE-main/app/routes/usuarios.php,0,1,0,0,0,1
t_concepto,AtlantesBE-main/AtlantesBE-main/app/functions/ovp.php,0,6,0,0,0,6
t_concepto,AtlantesBE-main/AtlantesBE-main/app/routes/contabilidad.php,0,15,0,0,0,15
t_concepto,AtlantesBE-main/AtlantesBE-main/app/routes/datosmaestro.php,2,0,2,2,0,6
t_concepto,AtlantesBE-main/AtlantesBE-main/app/routes/embarques.php,0,6,0,0,0,6
t_concepto,AtlantesBE-main/AtlantesBE-main/app/routes/entidades.php,0,1,0,0,0,1
t_concepto,almacen.sql,0,22,0,0,0,22
t_consideraciones,AtlantesBE-main/AtlantesBE-main/app/routes/datosmaestro.php,0,0,1,1,0,2
t_consideraciones,AtlantesBE-main/AtlantesBE-main/app/routes/embarques.php,0,2,0,0,0,2
t_contemplacion,AtlantesBE-main/AtlantesBE-main/app/routes/datosmaestro.php,0,0,1,1,0,2
t_contemplacion,AtlantesBE-main/AtlantesBE-main/app/routes/embarques.php,0,3,0,0,0,3
t_correonit,AtlantesBE-main/AtlantesBE-main/app/routes/contabilidad.php,4,0,1,0,1,6
t_correonit,AtlantesBE-main/AtlantesBE-main/app/routes/datosmaestro.php,1,0,0,0,0,1
t_correosembarque,AtlantesBE-main/AtlantesBE-main/app/routes/embarques.php,3,0,1,1,1,6
t_costo,AtlantesBE-main/AtlantesBE-main/app/routes/contabilidad.php,0,8,0,2,0,10
t_costo,AtlantesBE-main/AtlantesBE-main/app/routes/embarques.php,3,0,4,2,2,11
t_costo,almacen.sql,0,4,0,0,0,4
t_costocotizacion,AtlantesBE-main/AtlantesBE-main/app/routes/embarques.php,2,0,1,1,1,5
t_cotizacion,AtlantesBE-main/AtlantesBE-main/app/routes/embarques.php,2,1,1,2,0,6
t_cotizacionconsideraciones,AtlantesBE-main/AtlantesBE-main/app/routes/embarques.php,2,0,1,0,1,4
t_cotizacioncontemplacion,AtlantesBE-main/AtlantesBE-main/app/routes/embarques.php,1,0,1,1,1,4
t_cuenta,AtlantesBE-main/AtlantesBE-main/app/routes/contabilidad.php,0,12,0,0,0,12
t_cuenta,AtlantesBE-main/AtlantesBE-main/app/routes/datosmaestro.php,1,0,1,1,0,3
t_danios_vehiculos,AtlantesBE-main/AtlantesBE-main/app/routes/almacenes.php,1,1,0,0,0,2
t_destinocargo,AtlantesBE-main/AtlantesBE-main/app/routes/datosmaestro.php,1,0,0,0,0,1
t_destinocargo,AtlantesBE-main/AtlantesBE-main/app/routes/embarques.php,0,1,0,0,0,1
t_devolucion,AtlantesBE-main/AtlantesBE-main/app/routes/contabilidad.php,1,0,1,0,0,2
t_devoluciondetalle,AtlantesBE-main/AtlantesBE-main/app/routes/contabilidad.php,0,2,1,0,0,3
t_dias_creacion_entrega,AtlantesBE-main/AtlantesBE-main/app/routes/almacenes.php,1,0,0,0,0,1
t_diasemana,AtlantesBE-main/AtlantesBE-main/app/routes/almacenes.php,0,5,0,0,0,5
t_diasemana,almacen.sql,0,1,0,0,0,1
t_diasvencimiento,AtlantesBE-main/AtlantesBE-main/app/routes/almacenes.php,3,0,0,0,0,3
t_divisa,AtlantesBE-main/AtlantesBE-main/app/functions/ovp.php,0,2,0,0,0,2
t_divisa,AtlantesBE-main/AtlantesBE-main/app/routes/contabilidad.php,0,7,0,0,0,7
t_divisa,AtlantesBE-main/AtlantesBE-main/app/routes/datosmaestro.php,1,1,0,0,0,2
t_divisa,AtlantesBE-main/AtlantesBE-main/app/routes/embarques.php,0,4,0,0,0,4
t_divisa,AtlantesBE-main/AtlantesBE-main/app/routes/entidades.php,0,2,0,0,0,2
t_divisa,almacen.sql,0,2,0,0,0,2
t_divisaordenservicio,AtlantesBE-main/AtlantesBE-main/app/routes/contabilidad.php,0,1,0,0,0,1
t_divisaordenservicio,AtlantesBE-main/AtlantesBE-main/app/routes/datosmaestro.php,1,0,0,0,0,1
t_doc_errada,AtlantesBE-main/AtlantesBE-main/app/routes/almacenes.php,0,1,0,0,0,1
t_doc_errada,AtlantesBE-main/AtlantesBE-main/app/routes/datosmaestro.php,1,0,0,0,0,1
t_dosificacion,AtlantesBE-main/AtlantesBE-main/app/routes/contabilidad.php,1,4,0,1,0,6
t_embalaje,AtlantesBE-main/AtlantesBE-main/app/routes/almacenes.php,0,30,0,0,0,30
t_embalaje,AtlantesBE-main/AtlantesBE-main/app/routes/datosmaestro.php,1,2,0,0,0,3
t_embalaje,almacen.sql,0,4,0,0,0,4
t_embarque,AtlantesBE-main/AtlantesBE-main/app/functions/ovp.php,0,5,0,0,0,5
t_embarque,AtlantesBE-main/AtlantesBE-main/app/routes/contabilidad.php,0,52,0,0,0,52
t_embarque,AtlantesBE-main/AtlantesBE-main/app/routes/embarques.php,6,17,3,4,0,30
t_embarque,almacen.sql,1,41,0,0,0,42
t_empresa,AtlantesBE-main/AtlantesBE-main/app/routes/datosmaestro.php,2,0,0,0,0,2
t_empresa,AtlantesBE-main/AtlantesBE-main/app/routes/embarques.php,0,1,0,0,0,1
t_empresa,AtlantesBE-main/AtlantesBE-main/app/routes/empresa.php,0,0,0,1,0,1
t_empresa,AtlantesBE-main/AtlantesBE-main/app/routes/usuarios.php,0,3,0,0,0,3
t_empresadivisa,AtlantesBE-main/AtlantesBE-main/app/routes/datosmaestro.php,2,0,1,0,1,4
t_estado_etapa,AtlantesBE-main/AtlantesBE-main/app/routes/almacenes.php,0,3,0,0,0,3
t_estadofactura,AtlantesBE-main/AtlantesBE-main/app/functions/ovp.php,0,4,0,0,0,4
t_estadofactura,AtlantesBE-main/AtlantesBE-main/app/routes/contabilidad.php,0,12,0,0,0,12
t_estadofactura,AtlantesBE-main/AtlantesBE-main/app/routes/embarques.php,0,7,0,0,0,7
t_estadofactura,almacen.sql,0,1,0,0,0,1
t_etapa,AtlantesBE-main/AtlantesBE-main/app/routes/almacenes.php,0,19,0,0,0,19
t_etapa,AtlantesBE-main/AtlantesBE-main/app/routes/datosmaestro.php,1,0,0,0,0,1
t_evento,AtlantesBE-main/AtlantesBE-main/app/routes/embarques.php,2,0,2,2,1,7
t_eventocotizacion,AtlantesBE-main/AtlantesBE-main/app/routes/embarques.php,2,0,1,1,1,5
t_eventodescripcion,AtlantesBE-main/AtlantesBE-main/app/routes/datosmaestro.php,1,0,0,0,0,1
t_eventodescripcion,AtlantesBE-main/AtlantesBE-main/app/routes/embarques.php,0,2,0,0,0,2
t_factura,AtlantesBE-main/AtlantesBE-main/app/functions/ovp.php,2,0,0,5,0,7
t_factura,AtlantesBE-main/AtlantesBE-main/app/routes/contabilidad.php,8,9,2,2,0,21
t_factura,AtlantesBE-main/AtlantesBE-main/app/routes/datosmaestro.php,1,0,0,0,0,1
t_factura,AtlantesBE-main/AtlantesBE-main/app/routes/embarques.php,0,4,0,0,0,4
t_factura,almacen.sql,0,25,0,0,0,25
t_facturapago,AtlantesBE-main/AtlantesBE-main/app/functions/ovp.php,1,2,0,2,0,5
t_facturapago,AtlantesBE-main/AtlantesBE-main/app/routes/contabilidad.php,3,6,1,1,0,11
t_facturapago,AtlantesBE-main/AtlantesBE-main/app/routes/embarques.php,0,3,0,0,0,3
t_facturapago,almacen.sql,0,11,0,0,0,11
t_horario,AtlantesBE-main/AtlantesBE-main/app/routes/datosmaestro.php,1,0,0,0,0,1
t_horario,AtlantesBE-main/AtlantesBE-main/app/routes/entidades.php,0,1,0,0,0,1
t_importacion_exportacion,AtlantesBE-main/AtlantesBE-main/app/routes/contabilidad.php,0,4,0,0,0,4
t_importacion_exportacion,AtlantesBE-main/AtlantesBE-main/app/routes/embarques.php,3,4,0,0,0,7
t_incoterms,AtlantesBE-main/AtlantesBE-main/app/routes/datosmaestro.php,1,0,0,0,0,1
t_incoterms,AtlantesBE-main/AtlantesBE-main/app/routes/embarques.php,0,3,0,0,0,3
t_incoterms,almacen.sql,0,1,0,0,0,1
t_ingreso,AtlantesBE-main/AtlantesBE-main/app/routes/almacenes.php,6,27,4,3,0,40
t_ingreso,almacen.sql,0,2,0,0,0,2
t_ingresodetalle,AtlantesBE-main/AtlantesBE-main/app/routes/almacenes.php,8,19,4,7,1,39
t_ingresodetalle,almacen.sql,0,2,0,0,0,2
t_ingresodetalle_accesorios,AtlantesBE-main/AtlantesBE-main/app/routes/almacenes.php,2,1,1,1,2,7
t_inter_company,AtlantesBE-main/AtlantesBE-main/app/routes/almacenes.php,1,0,0,0,0,1
t_inventariofisico,AtlantesBE-main/AtlantesBE-main/app/routes/almacenes.php,0,8,2,6,0,16
t_inventariofisicoconteo,AtlantesBE-main/AtlantesBE-main/app/routes/almacenes.php,7,7,2,2,1,19
t_inventariofisicoconteoimagen,AtlantesBE-main/AtlantesBE-main/app/routes/almacenes.php,1,1,2,0,1,5
t_inventariofisicodetalle,AtlantesBE-main/AtlantesBE-main/app/routes/almacenes.php,6,7,5,7,2,27
t_inventariofisicodetallearchivo,AtlantesBE-main/AtlantesBE-main/app/routes/almacenes.php,0,0,1,0,0,1
t_inventariofisicoetiqueta,AtlantesBE-main/AtlantesBE-main/app/routes/almacenes.php,0,3,0,0,0,3
t_inventariofisicoetiqueta,AtlantesBE-main/AtlantesBE-main/app/routes/datosmaestro.php,1,0,0,0,0,1
t_invoice,AtlantesBE-main/AtlantesBE-main/app/routes/contabilidad.php,3,2,2,1,0,8
t_invoice,almacen.sql,0,2,0,0,0,2
t_mediotransporte,AtlantesBE-main/AtlantesBE-main/app/routes/datosmaestro.php,1,0,0,0,0,1
t_mediotransporte,AtlantesBE-main/AtlantesBE-main/app/routes/entidades.php,0,1,0,0,0,1
t_mediotransporte,almacen.sql,0,1,0,0,0,1
t_merma,AtlantesBE-main/AtlantesBE-main/app/routes/almacenes.php,0,11,0,0,0,11
t_merma,AtlantesBE-main/AtlantesBE-main/app/routes/datosmaestro.php,1,0,0,0,0,1
t_merma,almacen.sql,0,2,0,0,0,2
t_metodopago,AtlantesBE-main/AtlantesBE-main/app/routes/contabilidad.php,0,1,0,0,0,1
t_modulo,AtlantesBE-main/AtlantesBE-main/app/routes/datosmaestro.php,4,0,0,0,0,4
t_motivoanulacion,AtlantesBE-main/AtlantesBE-main/app/routes/contabilidad.php,0,3,0,0,0,3
t_motivoanulacion,AtlantesBE-main/AtlantesBE-main/app/routes/datosmaestro.php,1,0,0,0,0,1
t_movilizador,AtlantesBE-main/AtlantesBE-main/app/routes/almacenes.php,0,3,0,0,0,3
t_movilizador,AtlantesBE-main/AtlantesBE-main/app/routes/datosmaestro.php,1,0,0,0,0,1
t_no_conf,AtlantesBE-main/AtlantesBE-main/app/routes/almacenes.php,0,11,0,0,0,11
t_no_conf,AtlantesBE-main/AtlantesBE-main/app/routes/datosmaestro.php,1,0,0,0,0,1
t_no_conf,almacen.sql,0,2,0,0,0,2
t_notadebito,AtlantesBE-main/AtlantesBE-main/app/routes/contabilidad.php,2,9,1,1,0,13
t_notadebito,AtlantesBE-main/AtlantesBE-main/app/routes/embarques.php,0,4,0,0,0,4
t_notadebito,almacen.sql,0,25,0,0,0,25
t_ordenservicioe,AtlantesBE-main/AtlantesBE-main/app/routes/contabilidad.php,0,1,0,0,0,1
t_ordenservicioi,AtlantesBE-main/AtlantesBE-main/app/routes/contabilidad.php,0,1,0,0,0,1
t_pago,AtlantesBE-main/AtlantesBE-main/app/routes/contabilidad.php,1,3,1,0,0,5
t_pagodetalle,AtlantesBE-main/AtlantesBE-main/app/routes/contabilidad.php,0,1,1,0,0,2
t_pedido,AtlantesBE-main/AtlantesBE-main/app/routes/almacenes.php,10,10,2,3,1,26
t_pedidodetalle,AtlantesBE-main/AtlantesBE-main/app/routes/almacenes.php,23,2,4,2,5,36
t_pedidodisponibilidad,AtlantesBE-main/AtlantesBE-main/app/routes/almacenes.php,6,1,2,0,6,15
t_pedidolog,AtlantesBE-main/AtlantesBE-main/app/routes/almacenes.php,0,0,1,0,0,1
t_pedidopreparacion,AtlantesBE-main/AtlantesBE-main/app/routes/almacenes.php,2,3,1,1,1,8
t_pedidopreparacionsector,AtlantesBE-main/AtlantesBE-main/app/routes/almacenes.php,3,1,2,0,2,8
t_pedidotienda,AtlantesBE-main/AtlantesBE-main/app/routes/almacenes.php,8,2,4,0,5,19
t_pediodetalletienda,AtlantesBE-main/AtlantesBE-main/app/routes/almacenes.php,6,4,4,0,5,19
t_planilla,AtlantesBE-main/AtlantesBE-main/app/routes/contabilidad.php,1,1,1,0,0,3
t_preciotimbradoproducto,AtlantesBE-main/AtlantesBE-main/app/routes/almacenes.php,0,4,0,0,0,4
t_preciotimbradoproducto,AtlantesBE-main/AtlantesBE-main/app/routes/datosmaestro.php,2,0,2,1,1,6
t_prestador,AtlantesBE-main/AtlantesBE-main/app/functions/ovp.php,0,2,0,0,0,2
t_prestador,AtlantesBE-main/AtlantesBE-main/app/routes/contabilidad.php,1,18,0,0,0,19
t_prestador,AtlantesBE-main/AtlantesBE-main/app/routes/embarques.php,0,1,0,0,0,1
t_prestador,AtlantesBE-main/AtlantesBE-main/app/routes/entidades.php,0,2,1,1,0,4
t_prestador,almacen.sql,0,4,0,0,0,4
t_prestadordireccion,AtlantesBE-main/AtlantesBE-main/app/routes/contabilidad.php,0,1,0,0,0,1
t_prestadordireccion,AtlantesBE-main/AtlantesBE-main/app/routes/entidades.php,2,0,2,1,1,6
t_proveedor,AtlantesBE-main/AtlantesBE-main/app/functions/ovp.php,0,2,0,0,0,2
t_proveedor,AtlantesBE-main/AtlantesBE-main/app/routes/contabilidad.php,1,18,0,0,0,19
t_proveedor,AtlantesBE-main/AtlantesBE-main/app/routes/embarques.php,0,1,0,0,0,1
t_proveedor,AtlantesBE-main/AtlantesBE-main/app/routes/entidades.php,0,4,1,1,0,6
t_proveedor,almacen.sql,0,4,0,0,0,4
t_proveedorcorreofacturacion,AtlantesBE-main/AtlantesBE-main/app/routes/entidades.php,2,0,2,1,1,6
t_proveedordireccion,AtlantesBE-main/AtlantesBE-main/app/routes/contabilidad.php,0,1,0,0,0,1
t_proveedordireccion,AtlantesBE-main/AtlantesBE-main/app/routes/entidades.php,2,0,2,1,1,6
t_referencia_salida,AtlantesBE-main/AtlantesBE-main/app/routes/almacenes.php,0,1,0,0,0,1
t_referenciacolor,AtlantesBE-main/AtlantesBE-main/app/routes/almacenes.php,0,3,0,0,0,3
t_salida,AtlantesBE-main/AtlantesBE-main/app/routes/almacenes.php,12,25,4,4,0,45
t_salida,almacen.sql,0,1,0,0,0,1
t_salidadetalle,AtlantesBE-main/AtlantesBE-main/app/routes/almacenes.php,5,16,3,4,1,29
t_salidadetalle,almacen.sql,0,1,0,0,0,1
t_salidadetalle_accesorios,AtlantesBE-main/AtlantesBE-main/app/routes/almacenes.php,2,0,1,2,1,6
t_salidadetalle_accesorios_pendiente,AtlantesBE-main/AtlantesBE-main/app/routes/almacenes.php,1,0,2,4,0,7
t_salidadetalleimagen,AtlantesBE-main/AtlantesBE-main/app/routes/almacenes.php,0,0,1,0,0,1
t_salidadetalleimagen_pendiente,AtlantesBE-main/AtlantesBE-main/app/routes/almacenes.php,0,0,2,0,0,2
t_solicitante,AtlantesBE-main/AtlantesBE-main/app/routes/datosmaestro.php,1,0,0,0,0,1
t_status,AtlantesBE-main/AtlantesBE-main/app/routes/almacenes.php,0,2,0,0,0,2
t_status,AtlantesBE-main/AtlantesBE-main/app/routes/datosmaestro.php,1,0,0,0,0,1
t_temperatura,AtlantesBE-main/AtlantesBE-main/app/routes/datosmaestro.php,1,0,0,0,0,1
t_temperatura,AtlantesBE-main/AtlantesBE-main/app/routes/entidades.php,0,1,0,0,0,1
t_timbrado,AtlantesBE-main/AtlantesBE-main/app/routes/almacenes.php,0,0,1,0,0,1
t_timbrado,almacen.sql,0,1,0,0,0,1
t_timbradodetalle,AtlantesBE-main/AtlantesBE-main/app/routes/almacenes.php,0,0,1,2,0,3
t_timbradoturno,AtlantesBE-main/AtlantesBE-main/app/routes/almacenes.php,0,5,0,0,0,5
t_timbradoturno,AtlantesBE-main/AtlantesBE-main/app/routes/datosmaestro.php,1,0,0,0,0,1
t_timbradoturno,almacen.sql,0,1,0,0,0,1
t_timeszones,AtlantesBE-main/AtlantesBE-main/app/services/DateTimeService.php,1,0,0,0,0,1
t_tipoalmacendetalle,AtlantesBE-main/AtlantesBE-main/app/routes/almacenes.php,1,4,0,0,0,5
t_tipobulto,AtlantesBE-main/AtlantesBE-main/app/routes/datosmaestro.php,1,0,0,0,0,1
t_tipocambio,AtlantesBE-main/AtlantesBE-main/app/functions/ovp.php,0,7,0,0,0,7
t_tipocambio,AtlantesBE-main/AtlantesBE-main/app/routes/contabilidad.php,0,30,0,0,0,30
t_tipocambio,AtlantesBE-main/AtlantesBE-main/app/routes/datosmaestro.php,6,0,3,4,0,13
t_tipocambio,AtlantesBE-main/AtlantesBE-main/app/routes/embarques.php,0,26,0,0,0,26
t_tipocambio,almacen.sql,0,58,0,0,0,58
t_tipocamion,AtlantesBE-main/AtlantesBE-main/app/routes/almacenes.php,0,8,0,0,0,8
t_tipocamion,almacen.sql,0,1,0,0,0,1
t_tipocarga,AtlantesBE-main/AtlantesBE-main/app/routes/datosmaestro.php,1,0,0,0,0,1
t_tipocarga,AtlantesBE-main/AtlantesBE-main/app/routes/embarques.php,0,1,0,0,0,1
t_tipocarga,AtlantesBE-main/AtlantesBE-main/app/routes/entidades.php,0,1,0,0,0,1
t_tipocobro,AtlantesBE-main/AtlantesBE-main/app/routes/contabilidad.php,0,1,0,0,0,1
t_tipocontenedor,AtlantesBE-main/AtlantesBE-main/app/routes/almacenes.php,0,7,0,0,0,7
t_tipocontenedor,AtlantesBE-main/AtlantesBE-main/app/routes/datosmaestro.php,1,0,0,0,0,1
t_tipocontenedor,almacen.sql,0,1,0,0,0,1
t_tipodescarga,AtlantesBE-main/AtlantesBE-main/app/routes/almacenes.php,0,6,0,0,0,6
t_tipodescarga,AtlantesBE-main/AtlantesBE-main/app/routes/datosmaestro.php,1,0,0,0,0,1
t_tipodescarga,almacen.sql,0,1,0,0,0,1
t_tipoembarque,AtlantesBE-main/AtlantesBE-main/app/routes/contabilidad.php,0,3,0,0,0,3
t_tipoembarque,AtlantesBE-main/AtlantesBE-main/app/routes/embarques.php,2,7,0,0,0,9
t_tipoembarque,almacen.sql,0,1,0,0,0,1
t_tipoentidad,AtlantesBE-main/AtlantesBE-main/app/routes/entidades.php,0,6,0,0,0,6
t_tipoentidad,almacen.sql,0,5,0,0,0,5
t_tipoevento,AtlantesBE-main/AtlantesBE-main/app/routes/datosmaestro.php,1,0,0,0,0,1
t_tipoevento,AtlantesBE-main/AtlantesBE-main/app/routes/embarques.php,0,3,0,0,0,3
t_tipofacturapago,AtlantesBE-main/AtlantesBE-main/app/functions/ovp.php,0,1,0,0,0,1
t_tipofacturapago,AtlantesBE-main/AtlantesBE-main/app/routes/contabilidad.php,0,3,0,0,0,3
t_tipofacturapago,AtlantesBE-main/AtlantesBE-main/app/routes/embarques.php,0,1,0,0,0,1
t_tipoingreso,AtlantesBE-main/AtlantesBE-main/app/routes/almacenes.php,0,8,0,0,0,8
t_tipoingreso,AtlantesBE-main/AtlantesBE-main/app/routes/datosmaestro.php,1,0,0,0,0,1
t_tipoingreso,almacen.sql,0,1,0,0,0,1
t_tipoliquidacion,AtlantesBE-main/AtlantesBE-main/app/routes/datosmaestro.php,1,0,0,0,0,1
t_tipopedido,AtlantesBE-main/AtlantesBE-main/app/routes/datosmaestro.php,1,0,0,0,0,1
t_tipoplanilla,AtlantesBE-main/AtlantesBE-main/app/routes/contabilidad.php,0,1,0,0,0,1
t_tipoplanilla,AtlantesBE-main/AtlantesBE-main/app/routes/datosmaestro.php,1,0,0,0,0,1
t_tipoproducto,AtlantesBE-main/AtlantesBE-main/app/routes/almacenes.php,0,6,0,0,0,6
t_tipoproducto,AtlantesBE-main/AtlantesBE-main/app/routes/datosmaestro.php,1,0,0,0,0,1
t_tipoproducto,almacen.sql,0,1,0,0,0,1
t_tipotransferencia,AtlantesBE-main/AtlantesBE-main/app/routes/contabilidad.php,0,3,0,0,0,3
t_tipotransferencia,AtlantesBE-main/AtlantesBE-main/app/routes/datosmaestro.php,1,0,0,0,0,1
t_tipousuario,AtlantesBE-main/AtlantesBE-main/app/routes/usuarios.php,1,2,0,0,0,3
t_transportista,AtlantesBE-main/AtlantesBE-main/app/functions/ovp.php,0,1,0,0,0,1
t_transportista,AtlantesBE-main/AtlantesBE-main/app/routes/contabilidad.php,1,19,0,0,0,20
t_transportista,AtlantesBE-main/AtlantesBE-main/app/routes/embarques.php,0,1,0,0,0,1
t_transportista,AtlantesBE-main/AtlantesBE-main/app/routes/entidades.php,0,2,1,1,0,4
t_transportista,almacen.sql,0,5,0,0,0,5
t_transportistadireccion,AtlantesBE-main/AtlantesBE-main/app/routes/contabilidad.php,0,1,0,0,0,1
t_transportistadireccion,AtlantesBE-main/AtlantesBE-main/app/routes/entidades.php,2,0,2,1,1,6
t_ubicacionitem,AtlantesBE-main/AtlantesBE-main/app/routes/almacenes.php,4,9,5,5,1,24
t_ubicacionitem,almacen.sql,0,2,0,0,0,2
t_usuario,AtlantesBE-main/AtlantesBE-main/app/functions/logOVP.php,1,0,0,0,0,1
t_usuario,AtlantesBE-main/AtlantesBE-main/app/routes/almacenes.php,0,38,0,0,0,38
t_usuario,AtlantesBE-main/AtlantesBE-main/app/routes/contabilidad.php,0,10,0,0,0,10
t_usuario,AtlantesBE-main/AtlantesBE-main/app/routes/embarques.php,0,6,0,0,0,6
t_usuario,AtlantesBE-main/AtlantesBE-main/app/routes/usuarios.php,7,0,1,5,0,13
t_usuario,almacen.sql,0,3,0,0,0,3
t_usuario_almacenes,AtlantesBE-main/AtlantesBE-main/app/routes/usuarios.php,3,1,1,0,1,6
t_usuario_columnas_moverdividir,AtlantesBE-main/AtlantesBE-main/app/routes/usuarios.php,2,0,1,0,1,4
t_usuario_columnas_pedido,AtlantesBE-main/AtlantesBE-main/app/routes/usuarios.php,2,0,1,0,1,4
t_usuariomodulo,AtlantesBE-main/AtlantesBE-main/app/middleware/jwt.php,1,0,0,0,0,1
t_usuariomodulo,AtlantesBE-main/AtlantesBE-main/app/routes/almacenes.php,0,2,0,0,0,2
t_usuariomodulo,AtlantesBE-main/AtlantesBE-main/app/routes/usuarios.php,3,0,1,1,1,6
the,AtlantesBE-main/AtlantesBE-main/lib/phpqrcode/bindings/tcpdf/qrcode.php,2,0,0,0,0,2
the,AtlantesBE-main/AtlantesBE-main/lib/phpqrcode/phpqrcode.php,1,0,0,0,0,1
the,AtlantesBE-main/AtlantesBE-main/lib/phpqrcode/qrspec.php,1,0,0,0,0,1
themselves,AtlantesFE-main/AtlantesFE-main/src/polyfills.ts,0,0,0,1,0,1
tmp_accesorios_vehiculos,AtlantesBE-main/AtlantesBE-main/app/routes/almacenes.php,0,1,1,0,0,2
tmp_agentecargacorreosfacturacion,AtlantesBE-main/AtlantesBE-main/app/routes/entidades.php,0,1,1,0,0,2
tmp_agentecargadireccion,AtlantesBE-main/AtlantesBE-main/app/routes/entidades.php,0,2,2,0,0,4
tmp_almacenes,AtlantesBE-main/AtlantesBE-main/app/routes/almacenes.php,0,2,0,0,0,2
tmp_archivos,AtlantesBE-main/AtlantesBE-main/app/routes/almacenes.php,0,2,1,0,0,3
tmp_ate_gas_control_calidad_produccion_max,AtlantesBE-main/AtlantesBE-main/app/routes/almacenes.php,0,1,0,0,0,1
tmp_ate_gas_etapa,AtlantesBE-main/AtlantesBE-main/app/routes/almacenes.php,0,21,0,0,0,21
tmp_ate_gas_etapa_anterior,AtlantesBE-main/AtlantesBE-main/app/routes/almacenes.php,0,6,0,0,0,6
tmp_ate_gas_etapa_anterior_max,AtlantesBE-main/AtlantesBE-main/app/routes/almacenes.php,0,6,0,0,0,6
tmp_ate_gas_etapa_anterior_tiempos,AtlantesBE-main/AtlantesBE-main/app/routes/almacenes.php,0,1,0,0,0,1
tmp_ate_gas_etapa_control_calidad_tiempos,AtlantesBE-main/AtlantesBE-main/app/routes/almacenes.php,0,1,0,0,0,1
tmp_ate_gas_etapa_max,AtlantesBE-main/AtlantesBE-main/app/routes/almacenes.php,0,8,0,0,0,8
tmp_ate_gas_etapa_produccion,AtlantesBE-main/AtlantesBE-main/app/routes/almacenes.php,0,1,0,0,0,1
tmp_ate_gas_etapa_produccion_max,AtlantesBE-main/AtlantesBE-main/app/routes/almacenes.php,0,2,0,0,0,2
tmp_ate_gas_etapa_produccion_tecnicos,AtlantesBE-main/AtlantesBE-main/app/routes/almacenes.php,0,1,0,0,0,1
tmp_ate_gas_etapa_produccion_tiempos,AtlantesBE-main/AtlantesBE-main/app/routes/almacenes.php,0,1,0,0,0,1
tmp_ate_gas_etapa_produccion_ubicacion_max,AtlantesBE-main/AtlantesBE-main/app/routes/almacenes.php,0,1,0,0,0,1
tmp_ate_gas_etapa_tecnico,AtlantesBE-main/AtlantesBE-main/app/routes/almacenes.php,0,4,0,0,0,4
tmp_ate_gas_etapa_tecnico_qa,AtlantesBE-main/AtlantesBE-main/app/routes/almacenes.php,0,3,0,0,0,3
tmp_ate_gas_etapa_tiempos,AtlantesBE-main/AtlantesBE-main/app/routes/almacenes.php,0,6,0,0,0,6
tmp_ate_gas_inventario,AtlantesBE-main/AtlantesBE-main/app/routes/almacenes.php,0,1,0,0,0,1
tmp_ate_gas_ubicacion,AtlantesBE-main/AtlantesBE-main/app/routes/almacenes.php,0,1,0,0,0,1
tmp_ategas_ultimopaso,AtlantesBE-main/AtlantesBE-main/app/routes/almacenes.php,0,1,0,0,0,1
tmp_balance,almacen.sql,0,0,1,2,0,3
tmp_cantidad_ate_gas_etapa,AtlantesBE-main/AtlantesBE-main/app/routes/almacenes.php,0,1,0,0,0,1
tmp_cantidadsinubicacion,AtlantesBE-main/AtlantesBE-main/app/routes/almacenes.php,0,1,1,0,0,2
tmp_cargo,almacen.sql,0,0,1,0,0,1
tmp_chasis,AtlantesBE-main/AtlantesBE-main/app/routes/almacenes.php,0,1,0,0,0,1
tmp_clientecorreosfacturacion,AtlantesBE-main/AtlantesBE-main/app/routes/entidades.php,0,1,1,0,0,2
tmp_clientedireccion,AtlantesBE-main/AtlantesBE-main/app/routes/entidades.php,0,2,2,0,0,4
tmp_cobrado,AtlantesBE-main/AtlantesBE-main/app/routes/contabilidad.php,0,2,2,0,0,4
tmp_correosfacturacion,AtlantesBE-main/AtlantesBE-main/app/routes/entidades.php,0,3,3,0,0,6
tmp_costo,almacen.sql,2,0,1,0,0,3
tmp_debitado,AtlantesBE-main/AtlantesBE-main/app/routes/contabilidad.php,0,1,1,0,0,2
tmp_diasvencimiento,AtlantesBE-main/AtlantesBE-main/app/routes/entidades.php,0,1,1,0,0,2
tmp_disponibilidad,AtlantesBE-main/AtlantesBE-main/app/routes/almacenes.php,0,1,1,1,0,3
tmp_embarques,AtlantesBE-main/AtlantesBE-main/app/routes/contabilidad.php,0,0,1,0,0,1
tmp_embarquescobros,AtlantesBE-main/AtlantesBE-main/app/routes/contabilidad.php,0,1,1,0,0,2
tmp_entidad,AtlantesBE-main/AtlantesBE-main/app/routes/contabilidad.php,0,1,1,0,0,2
tmp_facturado,AtlantesBE-main/AtlantesBE-main/app/routes/contabilidad.php,0,1,1,0,0,2
tmp_gestionlogistica,AtlantesBE-main/AtlantesBE-main/app/routes/entidades.php,0,1,1,0,0,2
tmp_imagenes,AtlantesBE-main/AtlantesBE-main/app/routes/almacenes.php,0,2,1,0,0,3
tmp_ingreso,AtlantesBE-main/AtlantesBE-main/app/routes/almacenes.php,0,0,2,0,0,2
tmp_ingresodetalle,AtlantesBE-main/AtlantesBE-main/app/routes/almacenes.php,0,1,1,0,0,2
tmp_ingresos,AtlantesBE-main/AtlantesBE-main/app/routes/almacenes.php,0,1,1,0,0,2
tmp_inter_company,AtlantesBE-main/AtlantesBE-main/app/routes/entidades.php,0,1,1,0,0,2
tmp_inventario_pendiente,AtlantesBE-main/AtlantesBE-main/app/routes/almacenes.php,0,1,0,0,0,1
tmp_items,AtlantesBE-main/AtlantesBE-main/app/routes/almacenes.php,0,1,0,0,0,1
tmp_metodotimbrado,AtlantesBE-main/AtlantesBE-main/app/routes/entidades.php,0,1,1,0,0,2
tmp_pagos,AtlantesBE-main/AtlantesBE-main/app/routes/contabilidad.php,0,4,4,0,0,8
tmp_pedidocantidad,AtlantesBE-main/AtlantesBE-main/app/routes/almacenes.php,0,1,1,0,0,2
tmp_pedidodetalle,AtlantesBE-main/AtlantesBE-main/app/routes/almacenes.php,0,1,1,0,0,2
tmp_pedidosalidas,AtlantesBE-main/AtlantesBE-main/app/routes/almacenes.php,0,1,1,0,0,2
tmp_pedidotienda,AtlantesBE-main/AtlantesBE-main/app/routes/almacenes.php,0,1,1,0,0,2
tmp_preciotimbradoproducto,AtlantesBE-main/AtlantesBE-main/app/routes/datosmaestro.php,0,1,1,0,0,2
tmp_preparacion,AtlantesBE-main/AtlantesBE-main/app/routes/almacenes.php,0,1,1,0,0,2
tmp_prestadordireccion,AtlantesBE-main/AtlantesBE-main/app/routes/entidades.php,0,2,2,0,0,4
tmp_proveedorcorreosfacturacion,AtlantesBE-main/AtlantesBE-main/app/routes/entidades.php,0,1,1,0,0,2
tmp_proveedordireccion,AtlantesBE-main/AtlantesBE-main/app/routes/entidades.php,0,2,2,0,0,4
tmp_reporte,AtlantesBE-main/AtlantesBE-main/app/routes/almacenes.php,0,0,1,0,0,1
tmp_reporteconceptos,AtlantesBE-main/AtlantesBE-main/app/routes/contabilidad.php,1,0,7,0,0,8
tmp_salida,AtlantesBE-main/AtlantesBE-main/app/routes/almacenes.php,0,2,2,0,0,4
tmp_salidadetalle,AtlantesBE-main/AtlantesBE-main/app/routes/almacenes.php,0,4,4,0,0,8
tmp_salidadetalleimagen,AtlantesBE-main/AtlantesBE-main/app/routes/almacenes.php,0,1,1,0,0,2
tmp_salidas,AtlantesBE-main/AtlantesBE-main/app/routes/almacenes.php,1,1,2,0,0,4
tmp_salidas,almacen.sql,0,1,1,0,0,2
tmp_salidasinicial,AtlantesBE-main/AtlantesBE-main/app/routes/almacenes.php,0,6,3,0,0,9
tmp_salidaspendientes,AtlantesBE-main/AtlantesBE-main/app/routes/almacenes.php,0,2,2,0,0,4
tmp_serviciologistico,AtlantesBE-main/AtlantesBE-main/app/routes/entidades.php,0,1,1,0,0,2
tmp_tecnicos,AtlantesBE-main/AtlantesBE-main/app/routes/almacenes.php,0,1,0,0,0,1
tmp_timbradodetalle,AtlantesBE-main/AtlantesBE-main/app/routes/almacenes.php,0,1,2,0,0,3
tmp_totalcobradofacturas,AtlantesBE-main/AtlantesBE-main/app/routes/contabilidad.php,0,1,1,0,0,2
tmp_totalcobradonotasdebito,AtlantesBE-main/AtlantesBE-main/app/routes/contabilidad.php,0,1,1,0,0,2
tmp_totalfacturas,AtlantesBE-main/AtlantesBE-main/app/routes/contabilidad.php,0,1,1,0,0,2
tmp_totalnotasdebito,AtlantesBE-main/AtlantesBE-main/app/routes/contabilidad.php,0,1,1,0,0,2
tmp_transportistadireccion,AtlantesBE-main/AtlantesBE-main/app/routes/entidades.php,0,2,2,0,0,4
tmp_ubicacion,AtlantesBE-main/AtlantesBE-main/app/routes/almacenes.php,0,1,0,0,0,1
tmp_ubicacion_max,AtlantesBE-main/AtlantesBE-main/app/routes/almacenes.php,0,1,0,0,0,1
tmp_ultimaubicacion,AtlantesBE-main/AtlantesBE-main/app/routes/almacenes.php,0,2,2,0,0,4
tmp_ultimaubicacion,almacen.sql,0,2,2,0,0,4
tmp_utlimasalida,AtlantesBE-main/AtlantesBE-main/app/routes/almacenes.php,0,1,1,0,0,2
tmp_valorcargado,AtlantesBE-main/AtlantesBE-main/app/routes/embarques.php,0,2,2,0,0,4
tmp_valorcosteado,AtlantesBE-main/AtlantesBE-main/app/routes/embarques.php,0,2,2,0,0,4
tmp_valoresfactura,AtlantesBE-main/AtlantesBE-main/app/routes/contabilidad.php,0,2,2,0,0,4
tmp_valoresnotadebito,AtlantesBE-main/AtlantesBE-main/app/routes/contabilidad.php,0,2,2,0,0,4
v_entidades,AtlantesBE-main/AtlantesBE-main/app/routes/contabilidad.php,0,11,0,0,0,11
v_entidades,AtlantesBE-main/AtlantesBE-main/app/routes/embarques.php,0,2,0,0,0,2
v_entidades,almacen.sql,0,1,0,0,0,1
