path,extension,category,size_bytes,sha256
.gitignore,(none),other,341,ff3457a401e5f43534ccc324bf4563b1c5717629d724d10be692aa5f53bdc68f
almacen.sql,.sql,code,284941,1183fb66b4e8e4881fe18f04d890045b7757d24cc0c3e72ba9dd24ead52643ef
AtlantesBE-main/AtlantesBE-main/.gitignore,(none),other,94,459e21134ed44f8bc6ee460a3bf91881b94689f383457251ae1f40e81e39df4b
AtlantesBE-main/AtlantesBE-main/app/assets/ate_gas_bateria.png,.png,asset,4140,b35e126fe1596950a47ec6d082f6706ed88f09bdc0c69b081dc443e600eabbdc
AtlantesBE-main/AtlantesBE-main/app/assets/ate_gas_combustible.png,.png,asset,10560,086333b797bc53174434cb5023a26f5b2068115dfe7593ea83166101308ae158
AtlantesBE-main/AtlantesBE-main/app/assets/ate_gas_refrigeracion.png,.png,asset,6172,ae1be34a04ac7e7884f987dd197bfbd485e6063cc79ce2e273bd11fcf7fcd250
AtlantesBE-main/AtlantesBE-main/app/assets/banner.png,.png,asset,24116,0364518cc3777d69f198d57a5f53dee991b740fd267969658eae8e704bee9bd5
AtlantesBE-main/AtlantesBE-main/app/assets/cotizaciontransporte.png,.png,asset,79518,1016efc7f9c8bf4872d3c1bbd5bebc2cf8bb3f4c04cadc81f49c873749e17f34
AtlantesBE-main/AtlantesBE-main/app/assets/Logo SLG Backup.png,.png,asset,48614,7fdf0a448fbca52c6936ef22bb97df5f77d8148b9e15a844d1371370d122eb6b
AtlantesBE-main/AtlantesBE-main/app/assets/Logo SLG.png,.png,asset,74164,c0736ef334cafcfe736471c42cb6849ac5743f8da8900932863813a2a9acf120
AtlantesBE-main/AtlantesBE-main/app/assets/logo.png,.png,asset,32554,31c445b67f6c421c85b51face1af88dff90c13f1b99674dcb89b5377d8e4abef
AtlantesBE-main/AtlantesBE-main/app/assets/logo_asgard.png,.png,asset,8308,aa30d192c20a16d2b5fabe441d6016631364ce661d7bdf9d9702ef5f6af79ae4
AtlantesBE-main/AtlantesBE-main/app/assets/logo_asgard_warehouse.png,.png,asset,256979,85d417b097d87f1be36b3dcade3dbda640f51982ebf07be0bf754a93b0c79d1f
AtlantesBE-main/AtlantesBE-main/app/assets/logoC.svg,.svg,asset,2919,c5e283b13b411c8f092787d9bbd80f7348d9e5e19bd628485d1086052a2718af
AtlantesBE-main/AtlantesBE-main/app/assets/LogoSLG.png,.png,asset,48614,7fdf0a448fbca52c6936ef22bb97df5f77d8148b9e15a844d1371370d122eb6b
AtlantesBE-main/AtlantesBE-main/app/files/ActaPedido.xlsx,.xlsx,document,20501,364194a038a28b2664ffba00c7f96813f7c7364c3c9f47254bf594a51a007cb0
AtlantesBE-main/AtlantesBE-main/app/files/FormatoActualizacionMasiva.xlsx,.xlsx,document,11207,1c3342b58811bdf663d2b33e4b12df63688296fc65366424fb37ff9180135a9b
AtlantesBE-main/AtlantesBE-main/app/files/FormatoAteGasMasivo.xlsx,.xlsx,document,9233,a3c679be5068ce0482e9e9983a898bab6ffe9868636ef96c2a8dfe239ddc4cdd
AtlantesBE-main/AtlantesBE-main/app/files/FormatoAteGasSalidasMasivo.xlsx,.xlsx,document,8953,24929109d42df4d0eb11550b05c50d0c26b2da14c3df573404b69be45e19c35f
AtlantesBE-main/AtlantesBE-main/app/files/FormatoIngreso.xlsx,.xlsx,document,15726,1486b597918027fdf5b8518b00f70bac19435e86892c75dfff4906cf540027ad
AtlantesBE-main/AtlantesBE-main/app/files/FormatoInventarioFisico.xlsx,.xlsx,document,13221,b33d546d47529c6932a783d40c24f0e3c0964f1b850681f8fbdb6c9ae70a46c9
AtlantesBE-main/AtlantesBE-main/app/files/FormatoInventarioFisicoMasivo.xlsx,.xlsx,document,13297,6aa1cdd779f57f0ce6c73fb95067fe250cb2b1fa280dbab8e0fd25060fec1ad2
AtlantesBE-main/AtlantesBE-main/app/files/FormatoInventarioFisicoMasivoVehiculos.xlsx,.xlsx,document,10227,ecd8830788df0cb832501dba074099fb273913e0dc1e14fde0eea0bac3fea5b9
AtlantesBE-main/AtlantesBE-main/app/files/FormatoPreparacionPedidos.xlsx,.xlsx,document,11017,db68c57c458f0c10f4dd5f957239e82860926b4ccbea3a295d6d7dfb565abbeb
AtlantesBE-main/AtlantesBE-main/app/files/FormatoProductosCliente.xlsx,.xlsx,document,13606,4ee1372799ce1d456aff22d2bf6736761d6dbc4aecbb46d9bbe115e3a6a210e0
AtlantesBE-main/AtlantesBE-main/app/files/FormatoSalidaMasiva.xlsx,.xlsx,document,10983,0775abfb8bc3ab02205e7884fd170d0f714d59fb40a4e894d6ceb7034c097277
AtlantesBE-main/AtlantesBE-main/app/files/FormatoTimbrado.xlsx,.xlsx,document,9929,bc4110564acbe8f2b5edb6f4a4ea1f27fbd9b0b58e3d03d164fc37cbd27b9283
AtlantesBE-main/AtlantesBE-main/app/files/TomaInventarioFisico.xlsx,.xlsx,document,10795,ca63e853f393831f2e6ffc4b95b49735bfcc2a7dffabd8d23406c4c1c4eaccd7
AtlantesBE-main/AtlantesBE-main/app/files/TomaInventarioFisicoVehiculos.xlsx,.xlsx,document,10827,a099933880b1487c41b043c87ab529202b2cdbdff197e4d57d9c95769ba1cc55
AtlantesBE-main/AtlantesBE-main/app/functions/common.php,.php,code,2101,a4c2011b040ddfb028d0ebce77492576cd3ea7926bd761145d419663700c78c7
AtlantesBE-main/AtlantesBE-main/app/functions/generarcarpetas.php,.php,code,10817,54a4fa920838093384a121d780b1a03e9dbd7ec3030b37cf76c6e0e99a2fba0e
AtlantesBE-main/AtlantesBE-main/app/functions/generarcodigocontrol.php,.php,code,7952,52328c7b2e51320ae6561faf6a2164b9d15cf271974818b15342fd5308b4950e
AtlantesBE-main/AtlantesBE-main/app/functions/integraciones_asgard.php,.php,code,10355,751f6d84429b268d5a17709d493904bdb5b1af20a69d269c7d3324776b645293
AtlantesBE-main/AtlantesBE-main/app/functions/logOVP.php,.php,code,2417,861ef5d21a3b053d3e2c28cef70a50100f12bd5e58f468ccc83bb4b282317e20
AtlantesBE-main/AtlantesBE-main/app/functions/numerosliteral.php,.php,code,6676,9ea137e71935e1ef40f515a10a0bb20a2a8fd583b92309bff250121b3bac5eff
AtlantesBE-main/AtlantesBE-main/app/functions/ovp.php,.php,code,135425,b258265918aa9546946a524f9521c7a062feee2e4cddd90a3cd0ace9718dedae
AtlantesBE-main/AtlantesBE-main/app/functions/sendmail.php,.php,code,18116,000daf7705d400b3abe3670283ef682b5ee4d6ac54fe40f76e0fb6dba0f78817
AtlantesBE-main/AtlantesBE-main/app/middleware/jwt.php,.php,code,2741,279d0b2967d3d01d21f782eda1430c60a6769828edad9b3878781ae91b4ce584
AtlantesBE-main/AtlantesBE-main/app/routes.php,.php,code,292,8407b7fe073546d57eaaa85d4f484182cc4a6415af00857e86b97b834250dc82
AtlantesBE-main/AtlantesBE-main/app/routes/almacenes.php,.php,code,1029054,c063312b41fdc7b85d9fa3ff3c4671a85a9257986fdca659ded41f56c52555af
AtlantesBE-main/AtlantesBE-main/app/routes/asgard.php,.php,code,50549,e4872b629c6495d87f8d2305c38cecdfeb84ac90509d0b2857b1409b86e398ee
AtlantesBE-main/AtlantesBE-main/app/routes/common.php,.php,code,2152,312c763960e95fcbb00eee22364fdf6e2f608df463e87c2021f4e12e173c42ba
AtlantesBE-main/AtlantesBE-main/app/routes/contabilidad.php,.php,code,388726,dcd151636fc2748023fec959c54a5bbf73acc36fe2f887a41d7ac712a4ccd8fb
AtlantesBE-main/AtlantesBE-main/app/routes/datosmaestro.php,.php,code,132833,a5d1ef20993fb7ed1787b3b5cd6630d2a4d02f3d86fdc3b3daa2e5a1eaca5707
AtlantesBE-main/AtlantesBE-main/app/routes/embarques.php,.php,code,178335,e0b27fef5af961e1fd8b5e09990878e126655a98342f973eaf64d269d22fc4e3
AtlantesBE-main/AtlantesBE-main/app/routes/empresa.php,.php,code,5384,55262c975301268cf5a8518fa0c09f2c0a7ecf987b1497d2c64c092f70e15e7b
AtlantesBE-main/AtlantesBE-main/app/routes/entidades.php,.php,code,199169,7866446fa04763432dae5dd95006a2eed984db1b8dae93cfa6e8406ee4339086
AtlantesBE-main/AtlantesBE-main/app/routes/usuarios.php,.php,code,59996,f0361b2128fd7e239ef10312a07a60f0d281e4af1840c4a74f7b75d5ef830736
AtlantesBE-main/AtlantesBE-main/app/services/BlobStorageService.php,.php,code,13826,58b03761dcdaf0b51ee84e70b028b8987084f2db99e5ad9dcc3560a1229ed3fb
AtlantesBE-main/AtlantesBE-main/app/services/DateTimeService.php,.php,code,9737,87ac274387e454b608d470193b99935cc24471277dd8473a3407bbdc3c811ba8
AtlantesBE-main/AtlantesBE-main/app/start.php,.php,code,2737,7712e1d86c75360e4ca0dfa66bcb23f19c3ab40f9b764e6728ff4c6e1267ab92
AtlantesBE-main/AtlantesBE-main/app/views/factura.php,.php,code,7759,4a43d2378d8eee8b81f7f4f34a631e69574dd0e1c41c9a2606d4a2166260a4a7
AtlantesBE-main/AtlantesBE-main/composer.json,.json,code,572,7a0c956627b3c496d2de8a3f94519ea4ae199f0e9c23f0c0ed9c014abc605e62
AtlantesBE-main/AtlantesBE-main/lib/fonts/Tahoma.ttf,.ttf,other,265528,6c699c428b608679c7ade6d9c0ff76664a1b59274c394cf0aba0ee2c33f89848
AtlantesBE-main/AtlantesBE-main/lib/fonts/TAHOMA_0.TTF,.ttf,other,198864,755756c0746c3c2fabe29fc61404f4efcefab88e033bd75959741ff1a930aa49
AtlantesBE-main/AtlantesBE-main/lib/fonts/TAHOMAB0.TTF,.ttf,other,243684,d4808235d09c73e312452ea69db1f18ffd12d4073be1123792f10e2d04f088a0
AtlantesBE-main/AtlantesBE-main/lib/fonts/TAHOMABD.TTF,.ttf,other,692616,654bfbce006566a5ef007d1fb16fced89f3c813ec79afdb7882d3a85a0a87470
AtlantesBE-main/AtlantesBE-main/lib/phpqrcode/bindings/tcpdf/qrcode.php,.php,code,82952,74a281421414fccbfe77a1228afae7324c0f057140000cbf95ccefe18b9e9c82
AtlantesBE-main/AtlantesBE-main/lib/phpqrcode/CHANGELOG,(none),other,1223,d65d1224f7069c256e1b1a61f0080f6dc4eb86612c645cc3a6a19e287bb4abcb
AtlantesBE-main/AtlantesBE-main/lib/phpqrcode/index.php,.php,code,3579,ccd0a5ece760966402ac334cb29163330c62bd489a79e3c7e5522e2de54a1a97
AtlantesBE-main/AtlantesBE-main/lib/phpqrcode/INSTALL,(none),other,1975,914dac56b8674237ba113e5f7431008f3d57c978b8aa935e13642bebc286db4a
AtlantesBE-main/AtlantesBE-main/lib/phpqrcode/LICENSE,(none),other,7650,f3834b4a6b6e7c112207c84a11e87d4255bee0310b90338b5aaccd849fab1afb
AtlantesBE-main/AtlantesBE-main/lib/phpqrcode/phpqrcode.php,.php,code,118563,20e7231b044ac44a504316500193c9ca4a53bb12500f54c675f008e433c3270f
AtlantesBE-main/AtlantesBE-main/lib/phpqrcode/qrbitstream.php,.php,code,5206,7e1ecdcfc58f574dfeabdf8055c803fb24cc436fe33e40cb842acd543a59a407
AtlantesBE-main/AtlantesBE-main/lib/phpqrcode/qrconfig.php,.php,code,1430,c8e28eed3a0289279cefaa180e553a134595721ab7203003bc2b56f7c304569b
AtlantesBE-main/AtlantesBE-main/lib/phpqrcode/qrconst.php,.php,code,1708,33721bcf7c1e07bd23071c2fdcfcfaaa3bcdab57dfd044ee4b3b06d1c1ed2d13
AtlantesBE-main/AtlantesBE-main/lib/phpqrcode/qrencode.php,.php,code,17004,ea8918b9b5f03a86afa1d2611a025174f27d106976447186a7c285491cd4100a
AtlantesBE-main/AtlantesBE-main/lib/phpqrcode/qrimage.php,.php,code,3531,f02bdbdce007572177f2c37cf1885356e1615440c2fce87228c94fe64e649fc0
AtlantesBE-main/AtlantesBE-main/lib/phpqrcode/qrinput.php,.php,code,24075,1ba352f5608b98a1aecbf18b192a83a0811b493aa74de268c6fb37f421ad0293
AtlantesBE-main/AtlantesBE-main/lib/phpqrcode/qrlib.php,.php,code,1559,57126f0abb1b98043f8b028c6ec483b8d6a9f24946b48c91860bb0d329b3bd53
AtlantesBE-main/AtlantesBE-main/lib/phpqrcode/qrmask.php,.php,code,12256,15f29740ad3bdf17fdfa742dcae2b92bf5232bc6b6e390e6ec7d7699fef5fba3
AtlantesBE-main/AtlantesBE-main/lib/phpqrcode/qrrscode.php,.php,code,8276,21a3b82b15cacfda2247f708d24198d81f3773594546e4c85f5bc5b6a4286fab
AtlantesBE-main/AtlantesBE-main/lib/phpqrcode/qrspec.php,.php,code,26021,f8db612b5adcec1fd39a215a8874dfe5985a8436fbcdee22acd91c09939c8c6b
AtlantesBE-main/AtlantesBE-main/lib/phpqrcode/qrsplit.php,.php,code,11071,6e1ed8553deb880bf91ef0e8ab36dc7dacdf533f4932e896d4fae34a607a89f8
AtlantesBE-main/AtlantesBE-main/lib/phpqrcode/qrtools.php,.php,code,6161,7524be6600862ae7f5a1b43faac637875bfc876cdae16a352db03887df5fe37e
AtlantesBE-main/AtlantesBE-main/lib/phpqrcode/README,(none),other,1590,2f1b062a37715611447f6d6432ae992f2a06a10a63bb4c009b0ec8dddaa9937e
AtlantesBE-main/AtlantesBE-main/lib/phpqrcode/tools/merge.bat,.bat,other,21,385f976ee931541c512b3260f7d437cf89b61a1b5f118279bc28bdac8f84b258
AtlantesBE-main/AtlantesBE-main/lib/phpqrcode/tools/merge.php,.php,code,2535,e25beab2db2219a28d04bf1b821a9bf8e485d5a7f35d1c7c423ad650d2ec35b0
AtlantesBE-main/AtlantesBE-main/lib/phpqrcode/tools/merge.sh,.sh,other,25,99aec4dbfe15e53b144d42a20f96a77266f8e233a028c8a0ce6bca0fce9ea748
AtlantesBE-main/AtlantesBE-main/lib/phpqrcode/tools/merged_config.php,.php,code,1268,6d2c600b9a5369dec727099f29c763b177e73380a6d21cb1a388668be1aed7d7
AtlantesBE-main/AtlantesBE-main/lib/phpqrcode/tools/merged_header.php,.php,code,1366,66dffd8c9ebbe9ce42af74ff35f411c9f38c7a97c2785e3e890e2d659dd90744
AtlantesBE-main/AtlantesBE-main/lib/phpqrcode/VERSION,(none),other,16,fdf90f98bdc9a4496602fadba2dd3531d5d142b8506983cf0a75b2343260b20d
AtlantesBE-main/AtlantesBE-main/lib/piramide-uploader/example.php,.php,code,879,0493a7d28a2218c08792be68ebb704d9ae0f876146d24085d5fac62a5006e86c
AtlantesBE-main/AtlantesBE-main/lib/piramide-uploader/PiramideUploader.php,.php,code,2116,5337df67b55c23fef3b15fedee16d7d5d900364d678712aead54ab22725c9807
AtlantesBE-main/AtlantesBE-main/lib/piramide-uploader/README.md,.md,document,63,f280c33581b839c19429f0507827e3e059d0dc176f335f956b3a1f0970bf6a54
AtlantesBE-main/AtlantesBE-main/openspec/changes/agregar-guia-remision-salida-ate-gas/design.md,.md,document,7286,cf2535e6fcbfb2755c602c539e7e1d6053d8c6c39685195f67f894060ad5307c
AtlantesBE-main/AtlantesBE-main/openspec/changes/agregar-guia-remision-salida-ate-gas/proposal.md,.md,document,2521,45925cd6dce9be97991778898bedb3d9f09fc9e8a2b780099d892125eea230ac
AtlantesBE-main/AtlantesBE-main/openspec/changes/agregar-guia-remision-salida-ate-gas/specs/ate-gas-salidas-api/spec.md,.md,document,6408,f41e97ec066caed2649ee5a2d54eb4c542be590bd06de4793a8dabd456e1016e
AtlantesBE-main/AtlantesBE-main/openspec/changes/agregar-guia-remision-salida-ate-gas/tasks.md,.md,document,4164,c6ac79b77ceb80fb158f0cc2810085bfbe3c80fbffa0c876912d34f58194c82d
AtlantesBE-main/AtlantesBE-main/openspec/changes/migrate-ate-gas-images-to-azure-blob/design.md,.md,document,8287,ee403f9ddf92bf6b2eadf6078139067db1b7b4fadca0a37a1df2ff06d6a5265a
AtlantesBE-main/AtlantesBE-main/openspec/changes/migrate-ate-gas-images-to-azure-blob/proposal.md,.md,document,3543,49d8f989fddfcf176836a904ec97f7314dad1d1067248768df83f94dcbcdd015
AtlantesBE-main/AtlantesBE-main/openspec/changes/migrate-ate-gas-images-to-azure-blob/specs/ate-gas-images/spec.md,.md,document,4781,b728d0a0052bf28a9224d78a90669a8a0597431f9e6bc7b8b63499d000caa496
AtlantesBE-main/AtlantesBE-main/openspec/changes/migrate-ate-gas-images-to-azure-blob/tasks.md,.md,document,5035,c5e6222000d03a6a1fa0a70b4512197543f5c2d83252cfe5b78e7e9e1df4a2fc
AtlantesBE-main/AtlantesBE-main/openspec/changes/migrate-slim2-to-slim4/design.md,.md,document,2258,35304aaf134046214a7f4a4ff89df007136a829ee3314d1d9927335ae5b052ee
AtlantesBE-main/AtlantesBE-main/openspec/changes/migrate-slim2-to-slim4/proposal.md,.md,document,1359,a81c99f517d966d0b4a001126f826c3c563b15a4762e2bfd617213c26341a793
AtlantesBE-main/AtlantesBE-main/openspec/changes/migrate-slim2-to-slim4/slim2-inventory.md,.md,document,340622,3ffea91a55e6de2d1e94aa5341d5dc8770b9bbbda96932c8f130793d039dbaee
AtlantesBE-main/AtlantesBE-main/openspec/changes/migrate-slim2-to-slim4/specs/api-runtime/spec.md,.md,document,2019,0abdface0d9ff2aa645c8fcf92080169bb18decd55441c0c6fb0ab63fab6aab2
AtlantesBE-main/AtlantesBE-main/openspec/changes/migrate-slim2-to-slim4/tasks.md,.md,document,1805,cf5c5db7cef73733d07b705e7afd469a63ae233df6181e3f29f59be15eb3987d
AtlantesBE-main/AtlantesBE-main/openspec/changes/unificar-zonas-horarias-por-ciudad/design.md,.md,document,5064,d6759d844e4a8c31c6cbc6988855c41aa882bbd4756d94398a1019d1cb094f55
AtlantesBE-main/AtlantesBE-main/openspec/changes/unificar-zonas-horarias-por-ciudad/proposal.md,.md,document,2325,28abd194e3832cb05a04824fb0bc156e7b8a961cb0571ab8f35c7273053d9813
AtlantesBE-main/AtlantesBE-main/openspec/changes/unificar-zonas-horarias-por-ciudad/specs/fecha-hora/spec.md,.md,document,3043,7ca3a8ec033ca5871caaef25736b629486e6aa3504ee014d8564ca569f5bd94d
AtlantesBE-main/AtlantesBE-main/openspec/changes/unificar-zonas-horarias-por-ciudad/tasks.md,.md,document,2035,ac7c2dc7f3e6cc00e186f452f024e8eb886a68da7f4de95a2dd3f9bd1e203cad
AtlantesBE-main/AtlantesBE-main/phpunit.xml,.xml,code,1607,91b18b58dc209be3deb3c979745e601b54b67f658540a5d53d33afea37833e77
AtlantesBE-main/AtlantesBE-main/public/.htaccess,(none),other,172,00a2f6bbca4ed20a22dffa15f9cebf31a22f3ec3730d26c9f3d36b1f816ad40e
AtlantesBE-main/AtlantesBE-main/public/index.php,.php,code,48,5a29f25f9d1369cd517acdcc96885b738c48488b898a8734ae846bb1830184a6
AtlantesBE-main/AtlantesBE-main/scripts/strip-phpunit-eager-load.php,.php,code,2167,ceeeac634d9b3aecd904ee5a38f814273c492eb6e1636dbf4d38b8cdfc33a755
AtlantesBE-main/AtlantesBE-main/tests/bootstrap.php,.php,code,1122,3121aa466c895d08c582a3eee9043450cbb7afa134288397caf685e5e232f53d
AtlantesBE-main/AtlantesBE-main/tests/E2E/AteGasImagesE2ETest.php,.php,code,13710,d99e170d6fc6d6e0b5d9951c5642eacd88950cec2041b1f0c040422483bcafe7
AtlantesBE-main/AtlantesBE-main/tests/E2E/HttpTestCase.php,.php,code,3579,130dd73d48cfd96e344e6c1b4e9defba79f822ff1145caec72dd5b5c3a55d674
AtlantesBE-main/AtlantesBE-main/tests/E2E/SmokeSuiteTest.php,.php,code,5187,5bce9378827df73b8547556c93459a02aa613af8d2ca13a030191e11fa4e680a
AtlantesBE-main/AtlantesBE-main/tests/Unit/BlobStorageServiceTest.php,.php,code,14636,5f9f03ef76eadfff258d1a26b54014ea4cf0a724bc40df26429036f997f428d4
AtlantesFE-main/AtlantesFE-main/.browserslistrc,(none),other,703,7a0343209994019f023d7597bcf49ea3348cc1b739ee661fd084df253ec60dca
AtlantesFE-main/AtlantesFE-main/.editorconfig,(none),other,274,08fe692cae5731d5ff601317e427ce338b9879472552ad1c9e41e8146a99d9d8
AtlantesFE-main/AtlantesFE-main/.gitignore,(none),other,691,711353fcc4d2724c9d884bfb76d8ef599682e2557effc83c1bcf7a81cffb2079
AtlantesFE-main/AtlantesFE-main/angular.json,.json,code,4122,418c1d0780c5c54d159d28277eece19f5e9d7e5c126c9da043a6fc509ac545f3
AtlantesFE-main/AtlantesFE-main/karma.conf.js,.js,code,1425,4a2511949314f27d6c60a4b1a30fba14f36e7d0325e80df3c2de0aa9a2d91f1b
AtlantesFE-main/AtlantesFE-main/openspec/changes/agregar-captura-fotos-control-produccion/design.md,.md,document,8220,cf22c38b79c4cedccccd7b83688f93e103d0702271b756c73080f8746adb3bf8
AtlantesFE-main/AtlantesFE-main/openspec/changes/agregar-captura-fotos-control-produccion/proposal.md,.md,document,3901,171e876e707934422eca8fb6f510c97064dd88c9dfec4aa01d04e47f0b3694f1
AtlantesFE-main/AtlantesFE-main/openspec/changes/agregar-captura-fotos-control-produccion/specs/control-produccion-inventario-visual/spec.md,.md,document,6658,0a6c2809209ade64ff9a66766e7b2e682b5371f7101102858df51d25d8e12cc0
AtlantesFE-main/AtlantesFE-main/openspec/changes/agregar-captura-fotos-control-produccion/tasks.md,.md,document,5525,1b872d23580b6212572adb0bd764f5e04a508de9a48b515bf2becee63c6df51c
AtlantesFE-main/AtlantesFE-main/openspec/changes/agregar-guia-remision-salida-ate-gas/design.md,.md,document,8420,2b9762c0c982a28641cc8ee6e80296a36b9742a10eef56957f148aa33a82d311
AtlantesFE-main/AtlantesFE-main/openspec/changes/agregar-guia-remision-salida-ate-gas/proposal.md,.md,document,4506,4d939bb998d9ba5425c7db72f60dd3e056ad1b5602546adf0613be073b248901
AtlantesFE-main/AtlantesFE-main/openspec/changes/agregar-guia-remision-salida-ate-gas/specs/ate-gas-salidas-ui/spec.md,.md,document,10500,06cd796c6882bee1ff28cc065b93da6c0c167874ee6f6c478d0cb7b02615fcdd
AtlantesFE-main/AtlantesFE-main/openspec/changes/agregar-guia-remision-salida-ate-gas/tasks.md,.md,document,4967,b94042cd7ff8a45bae4f0cc31ea9f500547493b64918275f7ae06537ffbe1d8b
AtlantesFE-main/AtlantesFE-main/openspec/changes/agregar-reportes-ate-gas-conversion/design.md,.md,document,4529,a4e3be193fc06352fc3ac6bc6c9d8d78c4ec537ee7726a1d1b75f6539068d526
AtlantesFE-main/AtlantesFE-main/openspec/changes/agregar-reportes-ate-gas-conversion/proposal.md,.md,document,2051,fe8b4f4425f4a6fb87ab07bcd433333ea5b976bbc55ff71a095c1a59bd7f6520
AtlantesFE-main/AtlantesFE-main/openspec/changes/agregar-reportes-ate-gas-conversion/specs/reportes-ate-gas-ui/spec.md,.md,document,3669,2311f6556c86927e95c35c067a5bf0e9d5c29cff8208954c4e15b1213f199d30
AtlantesFE-main/AtlantesFE-main/openspec/changes/agregar-reportes-ate-gas-conversion/tasks.md,.md,document,2936,1c96ccae85c2b4ba0a2a2d406fbeb98184458409b3d7b394f7674d4c6f6499d6
AtlantesFE-main/AtlantesFE-main/openspec/changes/unificar-zonas-horarias-por-ciudad/design.md,.md,document,3191,3cc77899e3e6858304d0a17f235e7dfa7675ab30fba5624b6534f77c920d6aeb
AtlantesFE-main/AtlantesFE-main/openspec/changes/unificar-zonas-horarias-por-ciudad/proposal.md,.md,document,1556,5a5cdad5e001c5fdfccb4ef0b0dd08cf02615358b5a0ac42b6c2b9b169e67fdc
AtlantesFE-main/AtlantesFE-main/openspec/changes/unificar-zonas-horarias-por-ciudad/specs/fecha-hora-ui/spec.md,.md,document,2000,d558797842acb0a6319cebd57ebed4842020ee2c3b19c85563055c46f2a2dcaf
AtlantesFE-main/AtlantesFE-main/openspec/changes/unificar-zonas-horarias-por-ciudad/tasks.md,.md,document,1400,4531654f88af5208e8b0f377b7b34d67c539114cfb5c64276ea92204d3fdbe22
AtlantesFE-main/AtlantesFE-main/package-lock.json,.json,code,1040412,3ea3d8fc86a3e37c87a0b3641fdc0a54b3a1577af0afcf3922471cc40d5d1e0e
AtlantesFE-main/AtlantesFE-main/package.json,.json,code,1822,b14bd1e3ca82c7a3ce27694debf31ebbf5f8e2e9b83683c40f41aefb905cff57
AtlantesFE-main/AtlantesFE-main/README.md,.md,document,1054,8f9a6007cd417ee1b6479ace348dd87f494ae49be94aaf65f6096d40eea7165c
AtlantesFE-main/AtlantesFE-main/src/app/agentes-carga/agentes-carga.component.css,.css,code,0,e3b0c44298fc1c149afbf4c8996fb92427ae41e4649b934ca495991b7852b855
AtlantesFE-main/AtlantesFE-main/src/app/agentes-carga/agentes-carga.component.html,.html,code,17830,806919565b2ac615dada64fd7f59d26a42a5407344114bbf86288b33b444749b
AtlantesFE-main/AtlantesFE-main/src/app/agentes-carga/agentes-carga.component.ts,.ts,code,9481,a8ab1441eb74332ee37d39e402465a65464bb97483cfff92a59198904a83bcb9
AtlantesFE-main/AtlantesFE-main/src/app/almacenes-detalle/almacenes-detalle.component.css,.css,code,125,44e61c6a274025face83810e75d8c1ea18d6dfdad2d50c6fc2f78ea373bd68d0
AtlantesFE-main/AtlantesFE-main/src/app/almacenes-detalle/almacenes-detalle.component.html,.html,code,6389,9e7d9548cf3c0d951548516e8b41f824339ca28f72bd6834b4880c907bd03db6
AtlantesFE-main/AtlantesFE-main/src/app/almacenes-detalle/almacenes-detalle.component.ts,.ts,code,5503,f06d84054e98c0cb4f71c1987f6165638ab2673ee2afb3aecccfdc10e229d6c6
AtlantesFE-main/AtlantesFE-main/src/app/almacenes/almacenes.component.css,.css,code,0,e3b0c44298fc1c149afbf4c8996fb92427ae41e4649b934ca495991b7852b855
AtlantesFE-main/AtlantesFE-main/src/app/almacenes/almacenes.component.html,.html,code,6532,4ee9f36d361ba3a7b6b8ede734826b540b3fd422758145c0914f8cbf044604ec
AtlantesFE-main/AtlantesFE-main/src/app/almacenes/almacenes.component.ts,.ts,code,2142,91ab8d57de763453a7a016327b359159b6ce7abdfa399eb28d828289d833ecde
AtlantesFE-main/AtlantesFE-main/src/app/app-routing.module.ts,.ts,code,245,205a2a5df9540a7aee283b1e5a9e2c2cc0c374269d281d84b35999ff785fbc2d
AtlantesFE-main/AtlantesFE-main/src/app/app.component.css,.css,code,0,e3b0c44298fc1c149afbf4c8996fb92427ae41e4649b934ca495991b7852b855
AtlantesFE-main/AtlantesFE-main/src/app/app.component.html,.html,code,2915,c4bb7a7394036029eef80708c3f90e429ce6168910983b2afeff54d0bafb8063
AtlantesFE-main/AtlantesFE-main/src/app/app.component.ts,.ts,code,404,d25d0a6e6752ee395cdedecb70424ae9c5f3ae360285769c8dd7d5d97059a950
AtlantesFE-main/AtlantesFE-main/src/app/app.module.ts,.ts,code,17266,b866deacfc45fb8a95f34726b965ae4a6b02f853b637bf0dae500d64be6e71e1
AtlantesFE-main/AtlantesFE-main/src/app/app.routing.ts,.ts,code,17323,5adefae26410dc38672e3b71ec9f0caed6ff9e9c1af7c58680f1dc01ac9c904d
AtlantesFE-main/AtlantesFE-main/src/app/asignacion-trabajo/asignacion-trabajo.component.css,.css,code,0,e3b0c44298fc1c149afbf4c8996fb92427ae41e4649b934ca495991b7852b855
AtlantesFE-main/AtlantesFE-main/src/app/asignacion-trabajo/asignacion-trabajo.component.html,.html,code,10883,e07eb1997f1a6818e2b3da5062acb8f4a374dbb9980f22080472dea79ad513ca
AtlantesFE-main/AtlantesFE-main/src/app/asignacion-trabajo/asignacion-trabajo.component.ts,.ts,code,12333,6e29f6e26746c08352c83b9151033e6716614bc1f6ad990c8d8a3a3af82ed2b9
AtlantesFE-main/AtlantesFE-main/src/app/ate-gas-salidas/ate-gas-salidas.component.css,.css,code,2047,7f57edf596536f88db29e8f7e44b35fad7e8fb936547d75644fa392f89473911
AtlantesFE-main/AtlantesFE-main/src/app/ate-gas-salidas/ate-gas-salidas.component.html,.html,code,22884,3e8b2ce5ff178a46714c0b7b1bbc437a89fbe0138da66f7ab3b85ad1f8718057
AtlantesFE-main/AtlantesFE-main/src/app/ate-gas-salidas/ate-gas-salidas.component.ts,.ts,code,25264,a94c23347d000a0c4555db10cf893c92ab8b6d6b0ae188c6a453bd1ba71aff88
AtlantesFE-main/AtlantesFE-main/src/app/ate-gas/ate-gas.component.css,.css,code,0,e3b0c44298fc1c149afbf4c8996fb92427ae41e4649b934ca495991b7852b855
AtlantesFE-main/AtlantesFE-main/src/app/ate-gas/ate-gas.component.html,.html,code,23884,4844bb7a3fca9d371f5bc5d5f4ac8ba0d1851c4b73d4eb4c2496d54a4b99ccc7
AtlantesFE-main/AtlantesFE-main/src/app/ate-gas/ate-gas.component.ts,.ts,code,14820,299d996415c21b49c4338f3e35eb4618de8a82085fae2ea04ba955f5d1046816
AtlantesFE-main/AtlantesFE-main/src/app/bancos-cuentas/bancos-cuentas.component.css,.css,code,0,e3b0c44298fc1c149afbf4c8996fb92427ae41e4649b934ca495991b7852b855
AtlantesFE-main/AtlantesFE-main/src/app/bancos-cuentas/bancos-cuentas.component.html,.html,code,6327,80b78ca327ac41a7dd466b90a6a2260de4396b3256e8d180f10878afebe557cc
AtlantesFE-main/AtlantesFE-main/src/app/bancos-cuentas/bancos-cuentas.component.ts,.ts,code,5411,f79876bd70eaa327367f1910fd873018efe3e98a3451f9d503698eb2dcbde63e
AtlantesFE-main/AtlantesFE-main/src/app/bitacora/bitacora.component.css,.css,code,0,e3b0c44298fc1c149afbf4c8996fb92427ae41e4649b934ca495991b7852b855
AtlantesFE-main/AtlantesFE-main/src/app/bitacora/bitacora.component.html,.html,code,2320,5ec164fc1574e27d845f3c22547104d4b9ac9e1d39e9c660b98ebb7a7e1cf357
AtlantesFE-main/AtlantesFE-main/src/app/bitacora/bitacora.component.ts,.ts,code,2443,c62d438e9f5967dacf4d9889c7aafb6e39b16c2a3e9a132af16e0a76883d7ca2
AtlantesFE-main/AtlantesFE-main/src/app/cambiar-cliente-almacen/cambiar-cliente-almacen.component.css,.css,code,0,e3b0c44298fc1c149afbf4c8996fb92427ae41e4649b934ca495991b7852b855
AtlantesFE-main/AtlantesFE-main/src/app/cambiar-cliente-almacen/cambiar-cliente-almacen.component.html,.html,code,2280,9900e3395aad4e06457fb17da235fa23b32a657867a654f8a675dc5c4614efdf
AtlantesFE-main/AtlantesFE-main/src/app/cambiar-cliente-almacen/cambiar-cliente-almacen.component.ts,.ts,code,2985,20bb9f1058be57ce70d6b30c034baa6d2cd16396c8c0e8d2c70b80e5abf0a7b0
AtlantesFE-main/AtlantesFE-main/src/app/cambio-contrasena/cambio-contrasena.component.css,.css,code,0,e3b0c44298fc1c149afbf4c8996fb92427ae41e4649b934ca495991b7852b855
AtlantesFE-main/AtlantesFE-main/src/app/cambio-contrasena/cambio-contrasena.component.html,.html,code,1536,9fa27c26b16982368a0470df211707d95b72acc1183b55732f7e604ecc24d7ac
AtlantesFE-main/AtlantesFE-main/src/app/cambio-contrasena/cambio-contrasena.component.ts,.ts,code,4161,26ccca3df18014fcb2d12ae212b294543d2ad7de35c746626aa968f274ad8c05
AtlantesFE-main/AtlantesFE-main/src/app/chatbot/chatbot.component.css,.css,code,3068,bdfd8ade8c1cca1dc14c71ef88f61a43d08b6c6de0e7789a0e3a7315232909f6
AtlantesFE-main/AtlantesFE-main/src/app/chatbot/chatbot.component.html,.html,code,1089,6034dbf659e90e21f0236b248e974fa148ab9df7a7408be48decc6ce6e3ea470
AtlantesFE-main/AtlantesFE-main/src/app/chatbot/chatbot.component.ts,.ts,code,2502,190ebb750616135c06d5aa19e4d76f1af4bbb8fc0044307a845abbe199a2b80e
AtlantesFE-main/AtlantesFE-main/src/app/ciudades/ciudades.component.css,.css,code,0,e3b0c44298fc1c149afbf4c8996fb92427ae41e4649b934ca495991b7852b855
AtlantesFE-main/AtlantesFE-main/src/app/ciudades/ciudades.component.html,.html,code,7931,172230b704a02951dea0592aff76cfa91fd43661b8c121f25331e7ef1c3608a8
AtlantesFE-main/AtlantesFE-main/src/app/ciudades/ciudades.component.ts,.ts,code,9672,7bb7349b6a741075d231c6f97e37b08d34879abaf1ea574a18ad7cac2ac7422b
AtlantesFE-main/AtlantesFE-main/src/app/clientes/clientes.component.css,.css,code,124,21fc8bbd2e31761ee4766ab5a353aa8be3c99ef53dfe46a108af8966dff5ea55
AtlantesFE-main/AtlantesFE-main/src/app/clientes/clientes.component.html,.html,code,75229,c5d7faf78861a7b29c95c4bfb205603151106ae7f1ec441c9e59acf135123b15
AtlantesFE-main/AtlantesFE-main/src/app/clientes/clientes.component.ts,.ts,code,30776,5f7f0b9bc7dec0bd64dc1a6a12ba0321b0aa264543c3403423f5e4bedfdd92e3
AtlantesFE-main/AtlantesFE-main/src/app/cobros/cobros.component.css,.css,code,215,303db0834814cefbe058baf79ff101bb987d1617946c9602d94997b222d7d550
AtlantesFE-main/AtlantesFE-main/src/app/cobros/cobros.component.html,.html,code,38407,14b9c4d4e1f786ff64e7664450f1ab1ead925bbd9dd09d724730538080317c34
AtlantesFE-main/AtlantesFE-main/src/app/cobros/cobros.component.ts,.ts,code,28261,2c844478308188d44d80ff56d65e2c476cfab9a43e4436fc511b0efff8f988fe
AtlantesFE-main/AtlantesFE-main/src/app/conceptos/conceptos.component.css,.css,code,0,e3b0c44298fc1c149afbf4c8996fb92427ae41e4649b934ca495991b7852b855
AtlantesFE-main/AtlantesFE-main/src/app/conceptos/conceptos.component.html,.html,code,9194,790284767873b7d828addc26144069d98882bcc4a4bfe0d6725c0a94f29476e8
AtlantesFE-main/AtlantesFE-main/src/app/conceptos/conceptos.component.ts,.ts,code,7712,9eced1bdf7e2941d93ff89cdff6872d643d22f044e06a37c3011b43566276454
AtlantesFE-main/AtlantesFE-main/src/app/consideraciones/consideraciones.component.css,.css,code,0,e3b0c44298fc1c149afbf4c8996fb92427ae41e4649b934ca495991b7852b855
AtlantesFE-main/AtlantesFE-main/src/app/consideraciones/consideraciones.component.html,.html,code,5260,d91229b242f87e97921ccd0ed47bb1e392693e72304bbef0afe3ac41a4ae52da
AtlantesFE-main/AtlantesFE-main/src/app/consideraciones/consideraciones.component.ts,.ts,code,4875,c610e8874bdf44b5455ffa8b9dad63dcb0fb20b562db4408d9f36ab7d0181470
AtlantesFE-main/AtlantesFE-main/src/app/contemplaciones/contemplaciones.component.css,.css,code,0,e3b0c44298fc1c149afbf4c8996fb92427ae41e4649b934ca495991b7852b855
AtlantesFE-main/AtlantesFE-main/src/app/contemplaciones/contemplaciones.component.html,.html,code,5007,11b0823f18463f3c6c88b231c27744e22658161330d4b0960419054bc3c736e3
AtlantesFE-main/AtlantesFE-main/src/app/contemplaciones/contemplaciones.component.ts,.ts,code,4853,97a4c20c5008010dc6e3844ec950457bfc46ca307006a7deb042dee3837fa526
AtlantesFE-main/AtlantesFE-main/src/app/cotizaciones/cotizaciones.component.css,.css,code,0,e3b0c44298fc1c149afbf4c8996fb92427ae41e4649b934ca495991b7852b855
AtlantesFE-main/AtlantesFE-main/src/app/cotizaciones/cotizaciones.component.html,.html,code,38240,59251aca9d55c46be83ae4d21d0df89f2ce70a2261072eefbe026908dd07452a
AtlantesFE-main/AtlantesFE-main/src/app/cotizaciones/cotizaciones.component.ts,.ts,code,24707,784104c0e86ef91d1ad8a7952826068fbb015ef5e40f69ba72306a33fd776bfa
AtlantesFE-main/AtlantesFE-main/src/app/dashboard-almacen/dashboard-almacen.component.css,.css,code,0,e3b0c44298fc1c149afbf4c8996fb92427ae41e4649b934ca495991b7852b855
AtlantesFE-main/AtlantesFE-main/src/app/dashboard-almacen/dashboard-almacen.component.html,.html,code,1148,f185e86f80f5e8e1e98cd9d3dc51602fa9bb5424662d51614d509528cfab4fb5
AtlantesFE-main/AtlantesFE-main/src/app/dashboard-almacen/dashboard-almacen.component.ts,.ts,code,1150,697ac4ad843e364e61954e6b8d8f762134fdbf4689569c70c679704bab8a368f
AtlantesFE-main/AtlantesFE-main/src/app/dashboard-ate-gas/dashboard-ate-gas.component.css,.css,code,0,e3b0c44298fc1c149afbf4c8996fb92427ae41e4649b934ca495991b7852b855
AtlantesFE-main/AtlantesFE-main/src/app/dashboard-ate-gas/dashboard-ate-gas.component.html,.html,code,1148,0e785c0c33183fe78fc28f8849c7a27f677b672aa3b6716a36d2ef214cabb99b
AtlantesFE-main/AtlantesFE-main/src/app/dashboard-ate-gas/dashboard-ate-gas.component.ts,.ts,code,1079,b1157b9530d1d6f82b61d1c29ec8a5b743c66c744e20412018b6b4bb27cec3d3
AtlantesFE-main/AtlantesFE-main/src/app/dashboard-grafico-centros/dashboard-grafico-centros.component.css,.css,code,177,bd46eaa7568186910bbbe34adec049725ec73026843f7c9df6d0da5ecc0f8575
AtlantesFE-main/AtlantesFE-main/src/app/dashboard-grafico-centros/dashboard-grafico-centros.component.html,.html,code,3199,db2b39defd2b1eb66cc2fa835821bdcc4140950463b6986dc8f96811fd28c603
AtlantesFE-main/AtlantesFE-main/src/app/dashboard-grafico-centros/dashboard-grafico-centros.component.ts,.ts,code,12343,4af0359f99f7770bc3ddd534b0c1203f7ba5904b9f28f600d2db088ff78a0e84
AtlantesFE-main/AtlantesFE-main/src/app/dashboard-monitoreo-centros/dashboard-monitoreo-centros.component.css,.css,code,0,e3b0c44298fc1c149afbf4c8996fb92427ae41e4649b934ca495991b7852b855
AtlantesFE-main/AtlantesFE-main/src/app/dashboard-monitoreo-centros/dashboard-monitoreo-centros.component.html,.html,code,10225,e9ab2deb256ec20e1755ad2e8e93a9c20a4112331fdb721dd8c835fda502fa59
AtlantesFE-main/AtlantesFE-main/src/app/dashboard-monitoreo-centros/dashboard-monitoreo-centros.component.ts,.ts,code,10786,d22c9876b52bafb23ed6207a401a3460097fa7a8c6166dca7dd824b95cecc0a6
AtlantesFE-main/AtlantesFE-main/src/app/devolucion-saldos/devolucion-saldos.component.css,.css,code,0,e3b0c44298fc1c149afbf4c8996fb92427ae41e4649b934ca495991b7852b855
AtlantesFE-main/AtlantesFE-main/src/app/devolucion-saldos/devolucion-saldos.component.html,.html,code,14228,a3fb66d9d15dea8f15a32f23eaa47323847c61301c497106403fa9e3ac7822cf
AtlantesFE-main/AtlantesFE-main/src/app/devolucion-saldos/devolucion-saldos.component.ts,.ts,code,9800,e2853e3add8fb4f5dd3721bd8467619450e669b399fa6ba9d9629a5189a44d3a
AtlantesFE-main/AtlantesFE-main/src/app/devoluciones/devoluciones.component.css,.css,code,0,e3b0c44298fc1c149afbf4c8996fb92427ae41e4649b934ca495991b7852b855
AtlantesFE-main/AtlantesFE-main/src/app/devoluciones/devoluciones.component.html,.html,code,5550,52bb9b9d4755c46e9e34ce05831fd3c534603ed8fc71f5f9c9c50d5b3ae0977d
AtlantesFE-main/AtlantesFE-main/src/app/devoluciones/devoluciones.component.ts,.ts,code,3416,542f71a79fe8761b7befbe5b4b542541354bd09b89bf9757beb6cdbc5a951e2c
AtlantesFE-main/AtlantesFE-main/src/app/divisas/divisas.component.css,.css,code,0,e3b0c44298fc1c149afbf4c8996fb92427ae41e4649b934ca495991b7852b855
AtlantesFE-main/AtlantesFE-main/src/app/divisas/divisas.component.html,.html,code,2058,cc8754df17999e09ecf2f48b94be7a59e50aa4aea7617c99eaa253324707b868
AtlantesFE-main/AtlantesFE-main/src/app/divisas/divisas.component.ts,.ts,code,3854,0b02d1752484a2ae35bf5c6a1449a239bab145a5658848fd882e30792737175c
AtlantesFE-main/AtlantesFE-main/src/app/embarques-detalle/embarques-detalle.component.css,.css,code,129,8f6a7489fd3839b6788c7c02d966af2735737f8cd5ef1ef937b0a4e02bfc370f
AtlantesFE-main/AtlantesFE-main/src/app/embarques-detalle/embarques-detalle.component.html,.html,code,178256,3d940b7226a6ea7e3bea011c053f2b4082cd2c8bf297a66bb150ad75c26547af
AtlantesFE-main/AtlantesFE-main/src/app/embarques-detalle/embarques-detalle.component.ts,.ts,code,127048,a143ea3d7ec5880904599e66e150cb6178990e768ba89e997ee09d0f9941242c
AtlantesFE-main/AtlantesFE-main/src/app/embarques/embarques.component.css,.css,code,0,e3b0c44298fc1c149afbf4c8996fb92427ae41e4649b934ca495991b7852b855
AtlantesFE-main/AtlantesFE-main/src/app/embarques/embarques.component.html,.html,code,23974,abe1eca40b10237b688426c2b47cc14381b6fbf1c34dfea2d5b623fca8d0d2da
AtlantesFE-main/AtlantesFE-main/src/app/embarques/embarques.component.ts,.ts,code,10509,b9bcce0c6649ad2d86412f24e0f45a585ca83a4276cc5a7c2df4087095f926da
AtlantesFE-main/AtlantesFE-main/src/app/empresa/empresa.component.css,.css,code,0,e3b0c44298fc1c149afbf4c8996fb92427ae41e4649b934ca495991b7852b855
AtlantesFE-main/AtlantesFE-main/src/app/empresa/empresa.component.html,.html,code,8873,54842b991360c30eb2192e53d0c3487633853107fb77627c0c0ee988bbc79658
AtlantesFE-main/AtlantesFE-main/src/app/empresa/empresa.component.ts,.ts,code,3642,023eed3f88a9ae136aef71619c751d54d3a9968dc7762b27cf5709f162a9dce6
AtlantesFE-main/AtlantesFE-main/src/app/estado-pedidos/estado-pedidos.component.css,.css,code,0,e3b0c44298fc1c149afbf4c8996fb92427ae41e4649b934ca495991b7852b855
AtlantesFE-main/AtlantesFE-main/src/app/estado-pedidos/estado-pedidos.component.html,.html,code,12568,00971faa2682c87fc632b4ff428f0b13f96eb10f49c9a22ec72b6c304c4cf1f5
AtlantesFE-main/AtlantesFE-main/src/app/estado-pedidos/estado-pedidos.component.ts,.ts,code,5154,7c4e3d968f71e84611dcbc63aa02789c69feb1b5fd0bb7146364d8dcb9eda922
AtlantesFE-main/AtlantesFE-main/src/app/facturas/facturas.component.css,.css,code,0,e3b0c44298fc1c149afbf4c8996fb92427ae41e4649b934ca495991b7852b855
AtlantesFE-main/AtlantesFE-main/src/app/facturas/facturas.component.html,.html,code,14446,db94cfe2bcb3eff6797ef05e048b82970e266bfb4e99ac902efc8a57000aa10a
AtlantesFE-main/AtlantesFE-main/src/app/facturas/facturas.component.ts,.ts,code,12688,23fcf2d56fb2fff98d96e5b7594f1710b05d4eaa852e26c1b95f9fc9da24f020
AtlantesFE-main/AtlantesFE-main/src/app/filter.pipe.ts,.ts,code,1296,ddc8ef3b3bcd451a9734269f3253a4f0ab038b8baf5480178d8ad9b753177dc9
AtlantesFE-main/AtlantesFE-main/src/app/gestion-movimiento/gestion-movimiento.component.css,.css,code,2720,3ceef2f7f5c627f7f0c3c69b6e6904061214a6cd0f48efcebc4b25bcf7a778fc
AtlantesFE-main/AtlantesFE-main/src/app/gestion-movimiento/gestion-movimiento.component.html,.html,code,33513,fc5020ba9cdf4055b1b8334379ad2269cfe9a127694ac74091d2b3fcb3ee65f2
AtlantesFE-main/AtlantesFE-main/src/app/gestion-movimiento/gestion-movimiento.component.spec.ts,.ts,code,5909,efb191a4850a7e679e3f6842b343724c8f9b8a0b798636e41eaf6ba94cf8aae4
AtlantesFE-main/AtlantesFE-main/src/app/gestion-movimiento/gestion-movimiento.component.ts,.ts,code,33547,fe1e65448f6391d57f00bc8c54c13a5c50bec6c970f85a327e1884e0e1659381
AtlantesFE-main/AtlantesFE-main/src/app/global.ts,.ts,code,444,5288440113e83d98e6947b1c3f9085de4a8cc7cc40f5ee296cbd2ba68b96034e
AtlantesFE-main/AtlantesFE-main/src/app/ingresos-detalle/ingresos-detalle.component.css,.css,code,262,2854c0b62666747c308979412b38849c9f6ab86173ecf6271f92c53963a356b5
AtlantesFE-main/AtlantesFE-main/src/app/ingresos-detalle/ingresos-detalle.component.html,.html,code,101478,36a578645bdecc843ff3b5009b2f78bb847bed9a3be418caccee46419556b4ad
AtlantesFE-main/AtlantesFE-main/src/app/ingresos-detalle/ingresos-detalle.component.ts,.ts,code,54493,560fdf94b0c5108eb0a739b8a84d777bd273b44a619d9e82ebe03024fb3c6206
AtlantesFE-main/AtlantesFE-main/src/app/ingresos/ingresos.component.css,.css,code,737,6c667a84edc5345bb9c3f4ab7d39ec78428653c80569fbcc0fbe91c825b7038f
AtlantesFE-main/AtlantesFE-main/src/app/ingresos/ingresos.component.html,.html,code,39623,58f69791b76fbe448afafb132441aa6f3be13d15df7c05c4387bbc652c033436
AtlantesFE-main/AtlantesFE-main/src/app/ingresos/ingresos.component.ts,.ts,code,26713,7a709585afbf63d63a03ea8e5091ad6cd7ceb3c2b2913ddf9207168b346e545d
AtlantesFE-main/AtlantesFE-main/src/app/inicio/inicio.component.css,.css,code,0,e3b0c44298fc1c149afbf4c8996fb92427ae41e4649b934ca495991b7852b855
AtlantesFE-main/AtlantesFE-main/src/app/inicio/inicio.component.html,.html,code,1723,e0588badf9a846e6894a106547fe1fba7d4601ea996564408a12064ea24131ae
AtlantesFE-main/AtlantesFE-main/src/app/inicio/inicio.component.ts,.ts,code,408,257a02c7d6c4e881a523f52f2643ea9162cc72f19ed49140ca8bc62eacc820ce
AtlantesFE-main/AtlantesFE-main/src/app/inventario-fisico-bitacora/inventario-fisico-bitacora.component.css,.css,code,0,e3b0c44298fc1c149afbf4c8996fb92427ae41e4649b934ca495991b7852b855
AtlantesFE-main/AtlantesFE-main/src/app/inventario-fisico-bitacora/inventario-fisico-bitacora.component.html,.html,code,48024,f43153f7a1ef9750effd5b4dbec7ea463fe85d84447b97cd6290159d9341cadd
AtlantesFE-main/AtlantesFE-main/src/app/inventario-fisico-bitacora/inventario-fisico-bitacora.component.ts,.ts,code,21894,16e6f6a728fe9e9c62027efa1b4daffac10557987d6ee16c45849794c297fcd4
AtlantesFE-main/AtlantesFE-main/src/app/inventario-fisico-conteo/inventario-fisico-conteo.component.css,.css,code,611,9380d6faef022c40dd7a5411ec2af8df800f59d0a2d7ed85c3d17dfd29b64993
AtlantesFE-main/AtlantesFE-main/src/app/inventario-fisico-conteo/inventario-fisico-conteo.component.html,.html,code,23646,90a43ded829ff56ff8971962bea80773c2fe5468280c1cac09f3939ea9a329a6
AtlantesFE-main/AtlantesFE-main/src/app/inventario-fisico-conteo/inventario-fisico-conteo.component.ts,.ts,code,202582,6d7a1733e90013fa174da674b4c12f16a2cc05ab78580917524a0deafef4a6a2
AtlantesFE-main/AtlantesFE-main/src/app/inventario-fisico-detalle/inventario-fisico-detalle.component.css,.css,code,0,e3b0c44298fc1c149afbf4c8996fb92427ae41e4649b934ca495991b7852b855
AtlantesFE-main/AtlantesFE-main/src/app/inventario-fisico-detalle/inventario-fisico-detalle.component.html,.html,code,44359,58a304bdf3506d4997eeb5a5084bfa3092134f2203ee3d6b338cfd2d94fb75bd
AtlantesFE-main/AtlantesFE-main/src/app/inventario-fisico-detalle/inventario-fisico-detalle.component.ts,.ts,code,24404,edec9fd680a921456945c900b1ecba295a3db2f5f6bc41c7e1edd9cc4e79f44c
AtlantesFE-main/AtlantesFE-main/src/app/inventario-fisico/inventario-fisico.component.css,.css,code,170,b2409046b29eac0b19667e6252e6d6d4915af3e2815f3e17568676a0927f4612
AtlantesFE-main/AtlantesFE-main/src/app/inventario-fisico/inventario-fisico.component.html,.html,code,22268,2be9a90c0a8fa638bd3dce39406447c93cfb35ddcf3fc96eeebe796641f945a3
AtlantesFE-main/AtlantesFE-main/src/app/inventario-fisico/inventario-fisico.component.ts,.ts,code,14024,41b517d73e304c1170437f23b01f20311ae48772e27501a24a10fe3405f69bf4
AtlantesFE-main/AtlantesFE-main/src/app/inventario-vin/inventario-vin.component.css,.css,code,158,c73708b059926b6ce1100a697396065461f32ec6cb08ab345b8907fb8b59df89
AtlantesFE-main/AtlantesFE-main/src/app/inventario-vin/inventario-vin.component.html,.html,code,14120,149051dff0a1c39184561be11a294106b43b34a0ed5519d29882674d07535715
AtlantesFE-main/AtlantesFE-main/src/app/inventario-vin/inventario-vin.component.ts,.ts,code,8997,507dd64ba364f6036b6dfafead55814b6a3348417ace40f93d47779aedd8668d
AtlantesFE-main/AtlantesFE-main/src/app/invoices/invoices.component.css,.css,code,0,e3b0c44298fc1c149afbf4c8996fb92427ae41e4649b934ca495991b7852b855
AtlantesFE-main/AtlantesFE-main/src/app/invoices/invoices.component.html,.html,code,7338,bed5cc106ddb4060ded54b9feb82167a42c5fe8ae1d4395ed0a19d7abcfbcde3
AtlantesFE-main/AtlantesFE-main/src/app/invoices/invoices.component.ts,.ts,code,4611,bfa511d0e5abb776591536f4c23ff9fbedfd847e07a093ec5158cc6fbdf9df9b
AtlantesFE-main/AtlantesFE-main/src/app/login/login.component.css,.css,code,1992,8f438d3243b5220a22a5aaa4932893019f90d6f35df8879e69318b2b2eb8936c
AtlantesFE-main/AtlantesFE-main/src/app/login/login.component.html,.html,code,8836,ff27ebeb135a3e9fd987790da141c47344fd40340a971bf6d8001c0353350ec6
AtlantesFE-main/AtlantesFE-main/src/app/login/login.component.ts,.ts,code,5000,0cebc93b639ff99ff9b5af9afe2f3d35e0157dc39e86faef6233b6e0030af5e5
AtlantesFE-main/AtlantesFE-main/src/app/menulateral/menulateral.component.css,.css,code,3986,cd3114bbe7a48eec9c1eeca3a03ee8803cd9fd886be69593019753fb6b469ed2
AtlantesFE-main/AtlantesFE-main/src/app/menulateral/menulateral.component.html,.html,code,37449,3760fc78e3d12bd4df8baf128d9d61e24b74670734a0f82ef60a2190c5180aac
AtlantesFE-main/AtlantesFE-main/src/app/menulateral/menulateral.component.ts,.ts,code,30791,35f2e435f86c240e936bed26f8f0a266e7767543f1fc0022b694b63431940a1a
AtlantesFE-main/AtlantesFE-main/src/app/menusuperior/menusuperior.component.css,.css,code,193,eba2991204bc24cf340890a2a8740d2b64ac812a0f3ff9eeee7d6411fd3305bc
AtlantesFE-main/AtlantesFE-main/src/app/menusuperior/menusuperior.component.html,.html,code,11096,e5b3198c6e0e81384eef8870bce02e9e8db5095a0325b77204d35648ce8ef194
AtlantesFE-main/AtlantesFE-main/src/app/menusuperior/menusuperior.component.ts,.ts,code,7563,3ae3134173f8fe0cf3a65d478c476687e8dabd1a50b62489c6703c6c4de7c795
AtlantesFE-main/AtlantesFE-main/src/app/models/almacen.model.ts,.ts,code,320,0ae20c1db3b08c2ef63740990f86d710a59f4e3ed91c9897edc1299d577dcccd
AtlantesFE-main/AtlantesFE-main/src/app/models/embarque.model.ts,.ts,code,6654,69366dfc85770a1dc29df7cdb628bfaf198b519ec245c439d7c8dfe590e445a4
AtlantesFE-main/AtlantesFE-main/src/app/models/empresa.model.ts,.ts,code,254,ce9ae987202c95b0af1663fc38de6a1c12f4e7482951d4734cc7ead36c55135f
AtlantesFE-main/AtlantesFE-main/src/app/models/excel.model.ts,.ts,code,152,6c56125d04454f3f5c0691b2b2252eb21e3edc302f03498ffdc83f0368889fc1
AtlantesFE-main/AtlantesFE-main/src/app/models/ingreso.model.ts,.ts,code,3723,724ac8449c1266c41be82b1abcae17f66ee5f7ec2d6bbd1a60783fd4a7853503
AtlantesFE-main/AtlantesFE-main/src/app/models/inventario-fisico.model.ts,.ts,code,1750,a1099bf633b49881c304edd6afc7dcfc685d10c75ffd3d4566b417d8ab19dcf5
AtlantesFE-main/AtlantesFE-main/src/app/models/inventario.model.ts,.ts,code,2696,078d75f8b2448697db7dd677a57c2ee47062b1ce70f91c5529abe930facd5d99
AtlantesFE-main/AtlantesFE-main/src/app/models/pedido.model.ts,.ts,code,2324,d7afa3071856c681693d4a7bd0f9d80843677d98f3e1bcc28efdf2858fbaeca0
AtlantesFE-main/AtlantesFE-main/src/app/models/salida.model.ts,.ts,code,2410,f98b41c6829e3ca0d75e08925f5fd9ec01ae4ce7509b381e05f6fc6f103d3bd7
AtlantesFE-main/AtlantesFE-main/src/app/models/salidaDetalle.model.ts,.ts,code,1665,9565d82311e94494c04ab1f667a7ec2cc5c762e141fe01ee3324132884cc9415
AtlantesFE-main/AtlantesFE-main/src/app/models/timbrado.model.ts,.ts,code,1696,50b97c6072d5182bdb7e49d4e5cab482f3f3b0ce796754fdaafb772bf58b0884
AtlantesFE-main/AtlantesFE-main/src/app/models/usuario.model.ts,.ts,code,691,9713b16dbedf35c23942f1bc7c6d37254500f66a8321a73976cecb6595d31334
AtlantesFE-main/AtlantesFE-main/src/app/mover-dividir/mover-dividir.component.css,.css,code,298,7a443a2053286a8303a9bad75b766bbcb4accc2984ae281e39be6b149252866e
AtlantesFE-main/AtlantesFE-main/src/app/mover-dividir/mover-dividir.component.html,.html,code,29849,535f3df35a87eea8115532b5b8b6b9c53261237b2f6871a015c97ea95e2a3e56
AtlantesFE-main/AtlantesFE-main/src/app/mover-dividir/mover-dividir.component.ts,.ts,code,30540,d645422865d4391418bd6087e61a1d1dacb6da3dc7c17f666e2fb8843e5bb215
AtlantesFE-main/AtlantesFE-main/src/app/not-found/not-found.component.css,.css,code,0,e3b0c44298fc1c149afbf4c8996fb92427ae41e4649b934ca495991b7852b855
AtlantesFE-main/AtlantesFE-main/src/app/not-found/not-found.component.html,.html,code,433,78a68da4b430260eb7fd44c79dc1b09cae087916a34d03bb76f0693315499dd0
AtlantesFE-main/AtlantesFE-main/src/app/not-found/not-found.component.ts,.ts,code,286,6f0ed145809d1c860998f2b2e250d1a31c72f13e70758923c0bdebd9af29a4ff
AtlantesFE-main/AtlantesFE-main/src/app/notas-cobranza/notas-cobranza.component.css,.css,code,0,e3b0c44298fc1c149afbf4c8996fb92427ae41e4649b934ca495991b7852b855
AtlantesFE-main/AtlantesFE-main/src/app/notas-cobranza/notas-cobranza.component.html,.html,code,10926,337de67157a238d8de8c10806e2358fb4e2df78a75f689aca5861e764ce055fc
AtlantesFE-main/AtlantesFE-main/src/app/notas-cobranza/notas-cobranza.component.ts,.ts,code,9779,f63a44ec46e2142caccb63febb0aa28b0329c3fb42749729feaf4cbe53a17778
AtlantesFE-main/AtlantesFE-main/src/app/ordenes-pago/ordenes-pago.component.css,.css,code,0,e3b0c44298fc1c149afbf4c8996fb92427ae41e4649b934ca495991b7852b855
AtlantesFE-main/AtlantesFE-main/src/app/ordenes-pago/ordenes-pago.component.html,.html,code,15704,2db6f2efcc8376a1f396f304c6e4fcc165a9635ac31de95193d9710d254ad0ce
AtlantesFE-main/AtlantesFE-main/src/app/ordenes-pago/ordenes-pago.component.ts,.ts,code,10249,8402d17fd890cdfef9fcf3075b23e5d1e4debccf8613a3f08ebea37a84418400
AtlantesFE-main/AtlantesFE-main/src/app/pagos-agente-exterior/pagos-agente-exterior.component.css,.css,code,0,e3b0c44298fc1c149afbf4c8996fb92427ae41e4649b934ca495991b7852b855
AtlantesFE-main/AtlantesFE-main/src/app/pagos-agente-exterior/pagos-agente-exterior.component.html,.html,code,8481,84c01380137a79e78d6ced1f50cdfae97aeee5e1274bccd936584ae184f85c0f
AtlantesFE-main/AtlantesFE-main/src/app/pagos-agente-exterior/pagos-agente-exterior.component.ts,.ts,code,5190,a828ca4c1f7f41096e2cdd8aaa39d137ac3ae20a1bf8ed2e9797d8dda11e2b38
AtlantesFE-main/AtlantesFE-main/src/app/pagos/pagos.component.css,.css,code,0,e3b0c44298fc1c149afbf4c8996fb92427ae41e4649b934ca495991b7852b855
AtlantesFE-main/AtlantesFE-main/src/app/pagos/pagos.component.html,.html,code,16891,47ba5b68679e1fa32cc62f279fad7b704c71ec7b408475f391a7599447f6aa98
AtlantesFE-main/AtlantesFE-main/src/app/pagos/pagos.component.ts,.ts,code,10937,5d9355f32e936be8c9e06bdd14bd3368b526d2f0d92b5db82a1ebc4a297fe950
AtlantesFE-main/AtlantesFE-main/src/app/pedidos-detalle/pedidos-detalle.component.css,.css,code,0,e3b0c44298fc1c149afbf4c8996fb92427ae41e4649b934ca495991b7852b855
AtlantesFE-main/AtlantesFE-main/src/app/pedidos-detalle/pedidos-detalle.component.html,.html,code,31781,b12ec03143ec97a4cd625b3c4b1782527e238669820268d7f86959ef5badcfea
AtlantesFE-main/AtlantesFE-main/src/app/pedidos-detalle/pedidos-detalle.component.ts,.ts,code,26728,7f792a291624a4fafc85cec8f65cab5b9ef45e11a21fd697c652a325c2245c32
AtlantesFE-main/AtlantesFE-main/src/app/pedidos/pedidos.component.css,.css,code,0,e3b0c44298fc1c149afbf4c8996fb92427ae41e4649b934ca495991b7852b855
AtlantesFE-main/AtlantesFE-main/src/app/pedidos/pedidos.component.html,.html,code,18512,787a79c514197d0c30fec8dfdc09163504c377a07720e9359b063606bfe3369c
AtlantesFE-main/AtlantesFE-main/src/app/pedidos/pedidos.component.ts,.ts,code,11204,195d0c12065b8383aa4e75cefe85af874c1c583f634b57b079e5ec620ec7e3b1
AtlantesFE-main/AtlantesFE-main/src/app/perfil/perfil.component.css,.css,code,0,e3b0c44298fc1c149afbf4c8996fb92427ae41e4649b934ca495991b7852b855
AtlantesFE-main/AtlantesFE-main/src/app/perfil/perfil.component.html,.html,code,5872,deabc1ef077f0d74679c3f82db77e15dddc3275a1fc95112b6a59827d7d97727
AtlantesFE-main/AtlantesFE-main/src/app/perfil/perfil.component.ts,.ts,code,4047,5ee217b4caf48d2f0b18f90eb7780717b1de132c1e9b7d68d83bb137d0df04e6
AtlantesFE-main/AtlantesFE-main/src/app/planillas/planillas.component.css,.css,code,0,e3b0c44298fc1c149afbf4c8996fb92427ae41e4649b934ca495991b7852b855
AtlantesFE-main/AtlantesFE-main/src/app/planillas/planillas.component.html,.html,code,5325,f3c3db0ba267b1d62d9c0c14e3d0436ada670a661b841f3b82a56240376b3c11
AtlantesFE-main/AtlantesFE-main/src/app/planillas/planillas.component.ts,.ts,code,3335,df47e53196e6e02b15be4eaebf70e84d728decf290340ac388de457047e7469b
AtlantesFE-main/AtlantesFE-main/src/app/prestadores-servicio/prestadores-servicio.component.css,.css,code,0,e3b0c44298fc1c149afbf4c8996fb92427ae41e4649b934ca495991b7852b855
AtlantesFE-main/AtlantesFE-main/src/app/prestadores-servicio/prestadores-servicio.component.html,.html,code,13716,3a2b603ecd41277db4a3a86f43b0a29a7e8ba64521d4f759a8805a890bae534d
AtlantesFE-main/AtlantesFE-main/src/app/prestadores-servicio/prestadores-servicio.component.ts,.ts,code,6974,516d9157607b5c8c4c1579058d14d8268e06fe8009e518d5350b1bb95e4978e8
AtlantesFE-main/AtlantesFE-main/src/app/principal/principal.component.css,.css,code,3959,f6202c8c7eda38fa3f44222f845ffaee7cebe59bf5b83d2aab44e87e89bc7b72
AtlantesFE-main/AtlantesFE-main/src/app/principal/principal.component.html,.html,code,10440,1d65142162b73f0164b84ffbbeb10716e3957bd3f33e41448a219aa125ef0aa3
AtlantesFE-main/AtlantesFE-main/src/app/principal/principal.component.ts,.ts,code,514,952ce0c5c190a3df010185d129c05e47c367b344e2f338178bb0f9970d240ff3
AtlantesFE-main/AtlantesFE-main/src/app/productos-cliente/productos-cliente.component.css,.css,code,52,0234330700ef9a4c7906a668f782612012d3ccb418467366178e322da23a0751
AtlantesFE-main/AtlantesFE-main/src/app/productos-cliente/productos-cliente.component.html,.html,code,26427,41dc04c0a018c337ae190b53b29e33dd38658b83be9fb69b0e820f1d4ed21e1b
AtlantesFE-main/AtlantesFE-main/src/app/productos-cliente/productos-cliente.component.ts,.ts,code,15760,d361c5cbe33c39e254fed5a3fa4acf02fcd7561485419d7b3c4eab5303bc8e45
AtlantesFE-main/AtlantesFE-main/src/app/proveedores/proveedores.component.css,.css,code,0,e3b0c44298fc1c149afbf4c8996fb92427ae41e4649b934ca495991b7852b855
AtlantesFE-main/AtlantesFE-main/src/app/proveedores/proveedores.component.html,.html,code,17893,654e0c9b5d02e19df1f2ab5f21a6f8ceab8a566be37d2b8f57fa01317fad5851
AtlantesFE-main/AtlantesFE-main/src/app/proveedores/proveedores.component.ts,.ts,code,9389,c3f2139fd98697c4612e7a6a434a6029ae5419d2a431bd6324ab59959bdc6265
AtlantesFE-main/AtlantesFE-main/src/app/recuperar-contrasena/recuperar-contrasena.component.css,.css,code,1992,8f438d3243b5220a22a5aaa4932893019f90d6f35df8879e69318b2b2eb8936c
AtlantesFE-main/AtlantesFE-main/src/app/recuperar-contrasena/recuperar-contrasena.component.html,.html,code,6930,d0acf15a93627b22ae22e7ec08abe04d24927daa0452bea4378f7d242fca7085
AtlantesFE-main/AtlantesFE-main/src/app/recuperar-contrasena/recuperar-contrasena.component.ts,.ts,code,5768,c17704e7e996bfc6856a36a757acf1de61ce87b8211cf140778d4ddf78d22ec9
AtlantesFE-main/AtlantesFE-main/src/app/reporte-almacen-capacidad/reporte-almacen-capacidad.component.css,.css,code,0,e3b0c44298fc1c149afbf4c8996fb92427ae41e4649b934ca495991b7852b855
AtlantesFE-main/AtlantesFE-main/src/app/reporte-almacen-capacidad/reporte-almacen-capacidad.component.html,.html,code,5872,b59d0d9ee53b0aa74bf948f1299cc8e52b9957a4a32a61f1f930b11c196c86df
AtlantesFE-main/AtlantesFE-main/src/app/reporte-almacen-capacidad/reporte-almacen-capacidad.component.ts,.ts,code,5846,f014c8b88b0b4d708c9a6422e8fa20a027cef56e3b7f2132167d6116c2d39e13
AtlantesFE-main/AtlantesFE-main/src/app/reporte-almacen-control-inventario-fisico/reporte-almacen-control-inventario-fisico.component.css,.css,code,0,e3b0c44298fc1c149afbf4c8996fb92427ae41e4649b934ca495991b7852b855
AtlantesFE-main/AtlantesFE-main/src/app/reporte-almacen-control-inventario-fisico/reporte-almacen-control-inventario-fisico.component.html,.html,code,10204,ee428137f7b6d7a1e4c82a74af7b83d00df8e6729a4f61ffc260d2d56d50fdc0
AtlantesFE-main/AtlantesFE-main/src/app/reporte-almacen-control-inventario-fisico/reporte-almacen-control-inventario-fisico.component.ts,.ts,code,8263,e993fc448a09560826da9d9884eff1139383bbafcf76fc60dbfbe7345c1a965e
AtlantesFE-main/AtlantesFE-main/src/app/reporte-almacen-descarga/reporte-almacen-descarga.component.css,.css,code,0,e3b0c44298fc1c149afbf4c8996fb92427ae41e4649b934ca495991b7852b855
AtlantesFE-main/AtlantesFE-main/src/app/reporte-almacen-descarga/reporte-almacen-descarga.component.html,.html,code,9271,3b7cc46bd004339f06b957761b1dccdcf17a3eedac1541ba6ef9bcc928dda1c6
AtlantesFE-main/AtlantesFE-main/src/app/reporte-almacen-descarga/reporte-almacen-descarga.component.ts,.ts,code,6021,2aef4a9df5c9d892ad359415507b6494eb652413a7ae20ff20a93ace147b9204
AtlantesFE-main/AtlantesFE-main/src/app/reporte-almacen-egreso-tienda/reporte-almacen-egreso-tienda.component.css,.css,code,0,e3b0c44298fc1c149afbf4c8996fb92427ae41e4649b934ca495991b7852b855
AtlantesFE-main/AtlantesFE-main/src/app/reporte-almacen-egreso-tienda/reporte-almacen-egreso-tienda.component.html,.html,code,9192,223bdfa247bcf0301baacfd033b157b166871e29559d7e8f0c674d602fceb811
AtlantesFE-main/AtlantesFE-main/src/app/reporte-almacen-egreso-tienda/reporte-almacen-egreso-tienda.component.ts,.ts,code,8650,e4cefeb0e7141f4b57dcd94e11e13294d125bb14fd945f8cba256bad488d6598
AtlantesFE-main/AtlantesFE-main/src/app/reporte-almacen-ingresos/reporte-almacen-ingresos.component.css,.css,code,0,e3b0c44298fc1c149afbf4c8996fb92427ae41e4649b934ca495991b7852b855
AtlantesFE-main/AtlantesFE-main/src/app/reporte-almacen-ingresos/reporte-almacen-ingresos.component.html,.html,code,30985,80e7d42f605d1e74ed80b1993398c91d03a09786ca12e6ac71804c9aa79170b5
AtlantesFE-main/AtlantesFE-main/src/app/reporte-almacen-ingresos/reporte-almacen-ingresos.component.ts,.ts,code,15326,1fb7e734373df2f995b49245c78658747093472a4e04420d6983053f61abb3c3
AtlantesFE-main/AtlantesFE-main/src/app/reporte-almacen-inventario-fisico/reporte-almacen-inventario-fisico.component.css,.css,code,0,e3b0c44298fc1c149afbf4c8996fb92427ae41e4649b934ca495991b7852b855
AtlantesFE-main/AtlantesFE-main/src/app/reporte-almacen-inventario-fisico/reporte-almacen-inventario-fisico.component.html,.html,code,13393,8c09e1faa7d2c693e6e8ff77af9e44dd80b53cbec026c12315ff6e807053daf5
AtlantesFE-main/AtlantesFE-main/src/app/reporte-almacen-inventario-fisico/reporte-almacen-inventario-fisico.component.ts,.ts,code,9641,f50f18360a7862501e79b446849b72401c9df88ce6deba35c3c804f55d37ed9e
AtlantesFE-main/AtlantesFE-main/src/app/reporte-almacen-inventario-vencimiento/reporte-almacen-inventario-vencimiento.component.css,.css,code,0,e3b0c44298fc1c149afbf4c8996fb92427ae41e4649b934ca495991b7852b855
AtlantesFE-main/AtlantesFE-main/src/app/reporte-almacen-inventario-vencimiento/reporte-almacen-inventario-vencimiento.component.html,.html,code,9607,98df9cdb78c4c9c99075639191cb3de9e633eefaf95d13d0e5f80ac3944f478a
AtlantesFE-main/AtlantesFE-main/src/app/reporte-almacen-inventario-vencimiento/reporte-almacen-inventario-vencimiento.component.ts,.ts,code,5816,6c67c4ff0cf964ea46ae55cac21cebc992616c341c5ada5bcce0cc0af3b406e8
AtlantesFE-main/AtlantesFE-main/src/app/reporte-almacen-inventario/reporte-almacen-inventario.component.css,.css,code,0,e3b0c44298fc1c149afbf4c8996fb92427ae41e4649b934ca495991b7852b855
AtlantesFE-main/AtlantesFE-main/src/app/reporte-almacen-inventario/reporte-almacen-inventario.component.html,.html,code,31039,ff3296e3390749d565b0a3e8f4567a7fcaab44510312ca69bbaa0cb75e42f91d
AtlantesFE-main/AtlantesFE-main/src/app/reporte-almacen-inventario/reporte-almacen-inventario.component.ts,.ts,code,15614,70fdff06619a8fa7e85c70f3c97ea9ead80b1e142952226666c8ba119a67cde6
AtlantesFE-main/AtlantesFE-main/src/app/reporte-almacen-liquidacion/reporte-almacen-liquidacion.component.css,.css,code,0,e3b0c44298fc1c149afbf4c8996fb92427ae41e4649b934ca495991b7852b855
AtlantesFE-main/AtlantesFE-main/src/app/reporte-almacen-liquidacion/reporte-almacen-liquidacion.component.html,.html,code,7872,d9618ac9460827372d687c81dfaa7c98207b884eaa59ad679472eec40087784c
AtlantesFE-main/AtlantesFE-main/src/app/reporte-almacen-liquidacion/reporte-almacen-liquidacion.component.ts,.ts,code,6357,74695ee86692e84eac12002a5b5825d64873c6927de07d0d260d0483f01d727b
AtlantesFE-main/AtlantesFE-main/src/app/reporte-almacen-movimiento-detalle/reporte-almacen-movimiento-detalle.component.css,.css,code,0,e3b0c44298fc1c149afbf4c8996fb92427ae41e4649b934ca495991b7852b855
AtlantesFE-main/AtlantesFE-main/src/app/reporte-almacen-movimiento-detalle/reporte-almacen-movimiento-detalle.component.html,.html,code,10986,6a2d9d24d02300ed16f12f55d4b1d0bf13b9e534b27e686761c9871b03ca895a
AtlantesFE-main/AtlantesFE-main/src/app/reporte-almacen-movimiento-detalle/reporte-almacen-movimiento-detalle.component.ts,.ts,code,6716,9a97749c70ba017a493631d88ece4b600f82ab039ef123ce49c837de15de3fae
AtlantesFE-main/AtlantesFE-main/src/app/reporte-almacen-movimiento/reporte-almacen-movimiento.component.css,.css,code,0,e3b0c44298fc1c149afbf4c8996fb92427ae41e4649b934ca495991b7852b855
AtlantesFE-main/AtlantesFE-main/src/app/reporte-almacen-movimiento/reporte-almacen-movimiento.component.html,.html,code,20818,df69230bea9b77b47a2879f934f3681bfcf548e0ac8534e939746fb9f5f3f0c7
AtlantesFE-main/AtlantesFE-main/src/app/reporte-almacen-movimiento/reporte-almacen-movimiento.component.ts,.ts,code,9685,d77f12aa4848a11921318480e5db16f2780dc1505d3ad3daa0f36a7f416ab04c
AtlantesFE-main/AtlantesFE-main/src/app/reporte-almacen-noconforme/reporte-almacen-noconforme.component.css,.css,code,0,e3b0c44298fc1c149afbf4c8996fb92427ae41e4649b934ca495991b7852b855
AtlantesFE-main/AtlantesFE-main/src/app/reporte-almacen-noconforme/reporte-almacen-noconforme.component.html,.html,code,11612,052a7756e566037847f5ce8a5367f70f52c08e6ff5dcb1c4cc2d9194017418da
AtlantesFE-main/AtlantesFE-main/src/app/reporte-almacen-noconforme/reporte-almacen-noconforme.component.ts,.ts,code,6894,9467673c8fc1509316b7a9510b001a9074bd61f70c8a58b7ae720d86bfaa4972
AtlantesFE-main/AtlantesFE-main/src/app/reporte-almacen-pedidos/reporte-almacen-pedidos.component.css,.css,code,0,e3b0c44298fc1c149afbf4c8996fb92427ae41e4649b934ca495991b7852b855
AtlantesFE-main/AtlantesFE-main/src/app/reporte-almacen-pedidos/reporte-almacen-pedidos.component.html,.html,code,14404,4debcc7bb7729172b1a3aa50e4efbe93517db7dcee821883252ae6b3b18e3d3b
AtlantesFE-main/AtlantesFE-main/src/app/reporte-almacen-pedidos/reporte-almacen-pedidos.component.ts,.ts,code,7251,6b722b8b9652e721c11013efa29b9bb357c9fa5e5fc354a4f1409d92f2f43450
AtlantesFE-main/AtlantesFE-main/src/app/reporte-almacen-posiciones-dia/reporte-almacen-posiciones-dia.component.css,.css,code,0,e3b0c44298fc1c149afbf4c8996fb92427ae41e4649b934ca495991b7852b855
AtlantesFE-main/AtlantesFE-main/src/app/reporte-almacen-posiciones-dia/reporte-almacen-posiciones-dia.component.html,.html,code,6935,a4bfdc84b74fad1ee88dc73809b50b0ea70250917042051c46af6095f49e7a16
AtlantesFE-main/AtlantesFE-main/src/app/reporte-almacen-posiciones-dia/reporte-almacen-posiciones-dia.component.ts,.ts,code,8155,e7242657c461cde753413b5b3baf0388ecd176d6454ca77cf2ec60309f044922
AtlantesFE-main/AtlantesFE-main/src/app/reporte-almacen-posiciones/reporte-almacen-posiciones.component.css,.css,code,0,e3b0c44298fc1c149afbf4c8996fb92427ae41e4649b934ca495991b7852b855
AtlantesFE-main/AtlantesFE-main/src/app/reporte-almacen-posiciones/reporte-almacen-posiciones.component.html,.html,code,6739,1db90d3194ed4ee1fa12f9374e558433602763a50af08d890a696eaf3608e33b
AtlantesFE-main/AtlantesFE-main/src/app/reporte-almacen-posiciones/reporte-almacen-posiciones.component.ts,.ts,code,8854,e0601a29f187b3f200b6b93f3a57813b8d423e06b749424d8b6fbd71c4cc430b
AtlantesFE-main/AtlantesFE-main/src/app/reporte-almacen-productos/reporte-almacen-productos.component.css,.css,code,0,e3b0c44298fc1c149afbf4c8996fb92427ae41e4649b934ca495991b7852b855
AtlantesFE-main/AtlantesFE-main/src/app/reporte-almacen-productos/reporte-almacen-productos.component.html,.html,code,8459,ddbc095bb8e9cea240f98ef1ef2e97addf56738effff096e88a8eea853a06742
AtlantesFE-main/AtlantesFE-main/src/app/reporte-almacen-productos/reporte-almacen-productos.component.ts,.ts,code,5644,fd3a0526d42922e634121d4daac244a299d66bc30c71307bf5c0561bdb85d8bd
AtlantesFE-main/AtlantesFE-main/src/app/reporte-almacen-salidas/reporte-almacen-salidas.component.css,.css,code,0,e3b0c44298fc1c149afbf4c8996fb92427ae41e4649b934ca495991b7852b855
AtlantesFE-main/AtlantesFE-main/src/app/reporte-almacen-salidas/reporte-almacen-salidas.component.html,.html,code,33973,8b4abe923012ed37e73a019df57ba6b8f32da3c0c9905c55da750c4c259ba5ef
AtlantesFE-main/AtlantesFE-main/src/app/reporte-almacen-salidas/reporte-almacen-salidas.component.ts,.ts,code,14956,5fac57e4eeb8234be36052fcf27bb790eae9eeb9d72ac75b4b1de101f6c3b9a4
AtlantesFE-main/AtlantesFE-main/src/app/reporte-almacen-total-conteo/reporte-almacen-total-conteo.component.css,.css,code,0,e3b0c44298fc1c149afbf4c8996fb92427ae41e4649b934ca495991b7852b855
AtlantesFE-main/AtlantesFE-main/src/app/reporte-almacen-total-conteo/reporte-almacen-total-conteo.component.html,.html,code,10782,6e558b8a20167364caec64ace9a3ed020a1fc10190dc252d4901d2044728baab
AtlantesFE-main/AtlantesFE-main/src/app/reporte-almacen-total-conteo/reporte-almacen-total-conteo.component.ts,.ts,code,7520,4066f057f1e2343e985e3d8a0d7bf6bfa6002c781f428a59c8468d1fee3a592b
AtlantesFE-main/AtlantesFE-main/src/app/reporte-almacen-vencimiento/reporte-almacen-vencimiento.component.css,.css,code,0,e3b0c44298fc1c149afbf4c8996fb92427ae41e4649b934ca495991b7852b855
AtlantesFE-main/AtlantesFE-main/src/app/reporte-almacen-vencimiento/reporte-almacen-vencimiento.component.html,.html,code,11341,769526c8e65c6b6482c5476680182cb750796d22e6f7c22de568d47cefba7c2e
AtlantesFE-main/AtlantesFE-main/src/app/reporte-almacen-vencimiento/reporte-almacen-vencimiento.component.ts,.ts,code,7358,2dc942fb77df757a5dbe08dc7b48a2b74d1e77d7a91fed3cbb9b8989f85f19ab
AtlantesFE-main/AtlantesFE-main/src/app/reporte-ate-gas-demanda/reporte-ate-gas-demanda.component.css,.css,code,0,e3b0c44298fc1c149afbf4c8996fb92427ae41e4649b934ca495991b7852b855
AtlantesFE-main/AtlantesFE-main/src/app/reporte-ate-gas-demanda/reporte-ate-gas-demanda.component.html,.html,code,9152,d2cf70094b2907da8b572ede4dbf9f520128711b47361378a04fb65404601a56
AtlantesFE-main/AtlantesFE-main/src/app/reporte-ate-gas-demanda/reporte-ate-gas-demanda.component.ts,.ts,code,8397,3a260228503827c8cc79a7374abd6aa5cee6ddeecaf8797e1b8c277abecfda49
AtlantesFE-main/AtlantesFE-main/src/app/reporte-ate-gas-ingresos/reporte-ate-gas-ingresos.component.css,.css,code,1,01ba4719c80b6fe911b091a7c05124b64eeece964e09c058ef8f9805daca546b
AtlantesFE-main/AtlantesFE-main/src/app/reporte-ate-gas-ingresos/reporte-ate-gas-ingresos.component.html,.html,code,4576,39a52944fe488bbe4334dfa650493b3c33d7e950efc7f6ed3476f566d0bafd01
AtlantesFE-main/AtlantesFE-main/src/app/reporte-ate-gas-ingresos/reporte-ate-gas-ingresos.component.ts,.ts,code,6590,428669bea61e08d334d77ed3c4484c68149b40d5c57717f536485df74817e726
AtlantesFE-main/AtlantesFE-main/src/app/reporte-ate-gas-produccion/reporte-ate-gas-produccion.component.css,.css,code,1,01ba4719c80b6fe911b091a7c05124b64eeece964e09c058ef8f9805daca546b
AtlantesFE-main/AtlantesFE-main/src/app/reporte-ate-gas-produccion/reporte-ate-gas-produccion.component.html,.html,code,4597,e9839074de0aa10a285c359e8bbdc82b1770235cecd006efbc4af39649eced11
AtlantesFE-main/AtlantesFE-main/src/app/reporte-ate-gas-produccion/reporte-ate-gas-produccion.component.ts,.ts,code,6610,7ea71c84c01387a075bcf4527dc07a4c617b258109a5311a77b2896b32d4d66f
AtlantesFE-main/AtlantesFE-main/src/app/reporte-ate-gas-salidas/reporte-ate-gas-salidas.component.css,.css,code,1,01ba4719c80b6fe911b091a7c05124b64eeece964e09c058ef8f9805daca546b
AtlantesFE-main/AtlantesFE-main/src/app/reporte-ate-gas-salidas/reporte-ate-gas-salidas.component.html,.html,code,4554,ac51d9929d2ad50124dce43266207a0ab58333d8e7cac393f4cc37457339046c
AtlantesFE-main/AtlantesFE-main/src/app/reporte-ate-gas-salidas/reporte-ate-gas-salidas.component.ts,.ts,code,6580,0ec3a105703193c588ecb3b13a8a4f140cf2cf06a655ddccf1bd30a94cf616d4
AtlantesFE-main/AtlantesFE-main/src/app/reporte-ate-gas-status/reporte-ate-gas-status.component.css,.css,code,1,01ba4719c80b6fe911b091a7c05124b64eeece964e09c058ef8f9805daca546b
AtlantesFE-main/AtlantesFE-main/src/app/reporte-ate-gas-status/reporte-ate-gas-status.component.html,.html,code,4550,1a28cb5a51014105d3372459d6df00b6f9ae786c5a627f98a2fee96ab65cb96e
AtlantesFE-main/AtlantesFE-main/src/app/reporte-ate-gas-status/reporte-ate-gas-status.component.ts,.ts,code,6570,f3193753c7421b84fe36f78493c76ed7541e9e7a4688632ee220b16f1512cddf
AtlantesFE-main/AtlantesFE-main/src/app/reporte-contabilidad-anticipos/reporte-contabilidad-anticipos.component.css,.css,code,0,e3b0c44298fc1c149afbf4c8996fb92427ae41e4649b934ca495991b7852b855
AtlantesFE-main/AtlantesFE-main/src/app/reporte-contabilidad-anticipos/reporte-contabilidad-anticipos.component.html,.html,code,7753,98e957dc2f318a0dca17ed93329d16e56c60f772319823954226867d4cae9237
AtlantesFE-main/AtlantesFE-main/src/app/reporte-contabilidad-anticipos/reporte-contabilidad-anticipos.component.ts,.ts,code,5726,02f32213f4b64d9735856111d4e2dd4a7d3fe26679158366f6e562ee417385ec
AtlantesFE-main/AtlantesFE-main/src/app/reporte-contabilidad-cobranzas/reporte-contabilidad-cobranzas.component.css,.css,code,0,e3b0c44298fc1c149afbf4c8996fb92427ae41e4649b934ca495991b7852b855
AtlantesFE-main/AtlantesFE-main/src/app/reporte-contabilidad-cobranzas/reporte-contabilidad-cobranzas.component.html,.html,code,8793,35f2b7c0885785747648318504a49cb0e39a368f815333075fc1d6bce696d859
AtlantesFE-main/AtlantesFE-main/src/app/reporte-contabilidad-cobranzas/reporte-contabilidad-cobranzas.component.ts,.ts,code,7750,dbab2366122d28d249986a07b69534e44f91c11fd5cd5fe2af3ae3cb2839f042
AtlantesFE-main/AtlantesFE-main/src/app/reporte-contabilidad-conceptos/reporte-contabilidad-conceptos.component.css,.css,code,0,e3b0c44298fc1c149afbf4c8996fb92427ae41e4649b934ca495991b7852b855
AtlantesFE-main/AtlantesFE-main/src/app/reporte-contabilidad-conceptos/reporte-contabilidad-conceptos.component.html,.html,code,10918,6e331d38c78be11567e2f6591fa1cca854d592147a1f509263e0bb704b478d44
AtlantesFE-main/AtlantesFE-main/src/app/reporte-contabilidad-conceptos/reporte-contabilidad-conceptos.component.ts,.ts,code,5694,04edfe5c5cf39b08db99986652be88e2ca8e2234494c262caef5adcd3c52ad62
AtlantesFE-main/AtlantesFE-main/src/app/reporte-contabilidad-estadocuentas/reporte-contabilidad-estadocuentas.component.css,.css,code,0,e3b0c44298fc1c149afbf4c8996fb92427ae41e4649b934ca495991b7852b855
AtlantesFE-main/AtlantesFE-main/src/app/reporte-contabilidad-estadocuentas/reporte-contabilidad-estadocuentas.component.html,.html,code,8225,95e61d36603c0f8045416d20be0f6b9f0f4893e6e061d82a3d0e1de34d08aa52
AtlantesFE-main/AtlantesFE-main/src/app/reporte-contabilidad-estadocuentas/reporte-contabilidad-estadocuentas.component.ts,.ts,code,13952,76ed07aa1908fb636a1b3c38b7143742a5dac2e9e096291632396b5b9ca85387
AtlantesFE-main/AtlantesFE-main/src/app/reporte-contabilidad-facturas-concepto/reporte-contabilidad-facturas-concepto.component.css,.css,code,0,e3b0c44298fc1c149afbf4c8996fb92427ae41e4649b934ca495991b7852b855
AtlantesFE-main/AtlantesFE-main/src/app/reporte-contabilidad-facturas-concepto/reporte-contabilidad-facturas-concepto.component.html,.html,code,7529,c3df5032e7ba9ea3db8aff0e43ac72c00e7028ae56b3b789492691e023230476
AtlantesFE-main/AtlantesFE-main/src/app/reporte-contabilidad-facturas-concepto/reporte-contabilidad-facturas-concepto.component.ts,.ts,code,4686,643919acce323f1cd43cc0eb57e6d339f69a59492ce8a8ef9a7befae5a2d3a51
AtlantesFE-main/AtlantesFE-main/src/app/reporte-contabilidad-facturas-notascobranza/reporte-contabilidad-facturas-notascobranza.component.css,.css,code,0,e3b0c44298fc1c149afbf4c8996fb92427ae41e4649b934ca495991b7852b855
AtlantesFE-main/AtlantesFE-main/src/app/reporte-contabilidad-facturas-notascobranza/reporte-contabilidad-facturas-notascobranza.component.html,.html,code,12190,399665bf7aff6070823bc2510cfffea3288c0484a6b01a39ec9ef815b2320cf6
AtlantesFE-main/AtlantesFE-main/src/app/reporte-contabilidad-facturas-notascobranza/reporte-contabilidad-facturas-notascobranza.component.ts,.ts,code,15783,a6e7fc5769d4600ea1d8a459e97d859da139f1d460fa1fa8c36d13fe1c6f7440
AtlantesFE-main/AtlantesFE-main/src/app/reporte-contabilidad-invoices/reporte-contabilidad-invoices.component.css,.css,code,0,e3b0c44298fc1c149afbf4c8996fb92427ae41e4649b934ca495991b7852b855
AtlantesFE-main/AtlantesFE-main/src/app/reporte-contabilidad-invoices/reporte-contabilidad-invoices.component.html,.html,code,8445,d8867f1e81f51a294f9e737ce52485ae3cfeea0707bf3a9abec6e2711f85c29b
AtlantesFE-main/AtlantesFE-main/src/app/reporte-contabilidad-invoices/reporte-contabilidad-invoices.component.ts,.ts,code,5844,d327213aaf9600fd674b04bb73e2fc24c3c228c12e00f13244fc5d85df631224
AtlantesFE-main/AtlantesFE-main/src/app/reporte-contabilidad-libroventas/reporte-contabilidad-libroventas.component.css,.css,code,0,e3b0c44298fc1c149afbf4c8996fb92427ae41e4649b934ca495991b7852b855
AtlantesFE-main/AtlantesFE-main/src/app/reporte-contabilidad-libroventas/reporte-contabilidad-libroventas.component.html,.html,code,11477,ae3151cbb471cc8483122e47dabe42f117d2e6bb1c1ae47866697ce85a71c5fe
AtlantesFE-main/AtlantesFE-main/src/app/reporte-contabilidad-libroventas/reporte-contabilidad-libroventas.component.ts,.ts,code,7554,b85d178da771f959a9a8da61b807c9c902e083751da9d33d749d48ca6991a88e
AtlantesFE-main/AtlantesFE-main/src/app/reporte-contabilidad-ordenes-pago-concepto/reporte-contabilidad-ordenes-pago-concepto.component.css,.css,code,0,e3b0c44298fc1c149afbf4c8996fb92427ae41e4649b934ca495991b7852b855
AtlantesFE-main/AtlantesFE-main/src/app/reporte-contabilidad-ordenes-pago-concepto/reporte-contabilidad-ordenes-pago-concepto.component.html,.html,code,6597,25b28318f5ef2cca126c64c4eb9100892ea794f402cc374915ac64eb27473dfa
AtlantesFE-main/AtlantesFE-main/src/app/reporte-contabilidad-ordenes-pago-concepto/reporte-contabilidad-ordenes-pago-concepto.component.ts,.ts,code,4454,331912facb3350a04db164a6fee72400a5c1daec282926b6aa22138b8673019d
AtlantesFE-main/AtlantesFE-main/src/app/reporte-contabilidad-ordenes-pago/reporte-contabilidad-ordenes-pago.component.css,.css,code,0,e3b0c44298fc1c149afbf4c8996fb92427ae41e4649b934ca495991b7852b855
AtlantesFE-main/AtlantesFE-main/src/app/reporte-contabilidad-ordenes-pago/reporte-contabilidad-ordenes-pago.component.html,.html,code,8214,81956a93557ab66f09c387d5b6ee1ccc2337a4999a6a88498d3ff8df1d63794d
AtlantesFE-main/AtlantesFE-main/src/app/reporte-contabilidad-ordenes-pago/reporte-contabilidad-ordenes-pago.component.ts,.ts,code,5727,e440d954f333b186e304ecc02e33dac28de6e1aea6761d7658b08053a2846c32
AtlantesFE-main/AtlantesFE-main/src/app/reporte-contabilidad-saldos/reporte-contabilidad-saldos.component.css,.css,code,0,e3b0c44298fc1c149afbf4c8996fb92427ae41e4649b934ca495991b7852b855
AtlantesFE-main/AtlantesFE-main/src/app/reporte-contabilidad-saldos/reporte-contabilidad-saldos.component.html,.html,code,7289,2ac04341269870cbf7cb47840b05251d8cf4236a743786c3121bd7f9b337c0f4
AtlantesFE-main/AtlantesFE-main/src/app/reporte-contabilidad-saldos/reporte-contabilidad-saldos.component.ts,.ts,code,20757,65107b11a33ce212dda2869945b754312567665e1fa7019e29bda42224851994
AtlantesFE-main/AtlantesFE-main/src/app/reporte-contabilidad-transaccionesfnc/reporte-contabilidad-transaccionesfnc.component.css,.css,code,0,e3b0c44298fc1c149afbf4c8996fb92427ae41e4649b934ca495991b7852b855
AtlantesFE-main/AtlantesFE-main/src/app/reporte-contabilidad-transaccionesfnc/reporte-contabilidad-transaccionesfnc.component.html,.html,code,8362,6b6ef022fe08222ccf579c4b3c3fbe84c286a9500d455fe355964953b223b7a3
AtlantesFE-main/AtlantesFE-main/src/app/reporte-contabilidad-transaccionesfnc/reporte-contabilidad-transaccionesfnc.component.ts,.ts,code,14210,a8296303707400ce4a3c720d103855ebe76d818980fc5a47abc0b8cdf1fd08b1
AtlantesFE-main/AtlantesFE-main/src/app/reporte-embarques-listado/reporte-embarques-listado.component.css,.css,code,0,e3b0c44298fc1c149afbf4c8996fb92427ae41e4649b934ca495991b7852b855
AtlantesFE-main/AtlantesFE-main/src/app/reporte-embarques-listado/reporte-embarques-listado.component.html,.html,code,8385,bc7bab0b1ce89882fa46df874835e35b1baf76a7c9ef3e6d8b52a48035db56e8
AtlantesFE-main/AtlantesFE-main/src/app/reporte-embarques-listado/reporte-embarques-listado.component.ts,.ts,code,5863,3c11bd8856bb3ac55ec7c85f94c3f7f10cc677cd94fb0bfb2a2049f098201991
AtlantesFE-main/AtlantesFE-main/src/app/reporte-tiempos-proceso/reporte-tiempos-proceso.component.css,.css,code,0,e3b0c44298fc1c149afbf4c8996fb92427ae41e4649b934ca495991b7852b855
AtlantesFE-main/AtlantesFE-main/src/app/reporte-tiempos-proceso/reporte-tiempos-proceso.component.html,.html,code,20987,e10bd69a9cf25acdf0543df629fa23deecdcc5d64f44a0d1d44100a2d5e525f1
AtlantesFE-main/AtlantesFE-main/src/app/reporte-tiempos-proceso/reporte-tiempos-proceso.component.ts,.ts,code,11950,cdbb70ebc1c828d24cc03e4cc2e965ac735ca190713ce342c3f318437639c5cb
AtlantesFE-main/AtlantesFE-main/src/app/salidas-detalle/salidas-detalle.component.css,.css,code,737,6c667a84edc5345bb9c3f4ab7d39ec78428653c80569fbcc0fbe91c825b7038f
AtlantesFE-main/AtlantesFE-main/src/app/salidas-detalle/salidas-detalle.component.html,.html,code,82772,138bcbfe847297a877154ecd1c9c0fa65d2bee15cd6fa62c7c8a3579e819ad29
AtlantesFE-main/AtlantesFE-main/src/app/salidas-detalle/salidas-detalle.component.ts,.ts,code,54339,e8952aa7b6c61e3109dc238111055a978472c33f1a51fb18707db69369b8357d
AtlantesFE-main/AtlantesFE-main/src/app/salidas/salidas.component.css,.css,code,0,e3b0c44298fc1c149afbf4c8996fb92427ae41e4649b934ca495991b7852b855
AtlantesFE-main/AtlantesFE-main/src/app/salidas/salidas.component.html,.html,code,15413,6f021ac078088daed0bd4b1fc2af4113c02a733c8f3adaf0c48d3a31accc6d1f
AtlantesFE-main/AtlantesFE-main/src/app/salidas/salidas.component.ts,.ts,code,7468,318ea3446088a892fc639b2721ea9e467b50b1c1705a8d0a4d33d28e6b3d58bc
AtlantesFE-main/AtlantesFE-main/src/app/services/almacenes.service.ts,.ts,code,42023,c979912dbca1551327d23bb7ac1123e74051a655e0524c2b097427f6d144c2cd
AtlantesFE-main/AtlantesFE-main/src/app/services/asgard.service.ts,.ts,code,5588,97e6c83797d23db53589716b9f09d8df232b9d865be0f02db14b08cb60383f42
AtlantesFE-main/AtlantesFE-main/src/app/services/common.service.ts,.ts,code,864,70a09334d00952f0603f0d8176165910f3268f580746cd0ee2c3a2528427b8b0
AtlantesFE-main/AtlantesFE-main/src/app/services/contabilidad.service.ts,.ts,code,18878,49f8cb7051752ec6b6a1cdd0f6f48c6dd265d42de763ea35c6d9e600a0c5ce6e
AtlantesFE-main/AtlantesFE-main/src/app/services/date-time-context.service.ts,.ts,code,3648,01e555fd8262d6270d3c267527e9e43ea3de3b36c89d8b82918442255e736df6
AtlantesFE-main/AtlantesFE-main/src/app/services/datomaestro.service.ts,.ts,code,21136,54b4cf42ab8485168dac0fdf301bd69e8f5f4181ab2877beac692e41469209b1
AtlantesFE-main/AtlantesFE-main/src/app/services/embarque.service.ts,.ts,code,9170,f8f1269a99e5ad444c586c1d4c6ec296687a0a1f5ac54ab9496570cdfbaf19b4
AtlantesFE-main/AtlantesFE-main/src/app/services/empresa.service.ts,.ts,code,1538,7298015012987ec8ea67ddc85c1848bb58fef50c4f3ec5293423760630db3985
AtlantesFE-main/AtlantesFE-main/src/app/services/entidades.service.ts,.ts,code,5608,22c8b843b180347c978ca1ac6f4480a473342ad341c660a83805d02c94bcbfb3
AtlantesFE-main/AtlantesFE-main/src/app/services/export-excel.service.ts,.ts,code,5365,bf048f1395ac533f0827be71e349ab6273d17b363100e67bece780ce8f456362
AtlantesFE-main/AtlantesFE-main/src/app/services/freshchat.service.ts,.ts,code,3770,bba51851faac37d7d14f298e0aaaa8af2f6703719817d2b56825e031df2fdfae
AtlantesFE-main/AtlantesFE-main/src/app/services/usuario.service.ts,.ts,code,9908,383bb5f975fe74f59132b7c626c52574cf1f819df80836215a97dd9453d2bde4
AtlantesFE-main/AtlantesFE-main/src/app/timbrado-detalle/timbrado-detalle.component.css,.css,code,0,e3b0c44298fc1c149afbf4c8996fb92427ae41e4649b934ca495991b7852b855
AtlantesFE-main/AtlantesFE-main/src/app/timbrado-detalle/timbrado-detalle.component.html,.html,code,37995,0875c4e95c2b4658a7f88af1b730c0438a08f0f2e4f4b096dfc354e19b5fb2fd
AtlantesFE-main/AtlantesFE-main/src/app/timbrado-detalle/timbrado-detalle.component.ts,.ts,code,22628,a4fd8b12c5e159b122dbfdc329982c4984f45b267d032d19bde20bac6c5a31ff
AtlantesFE-main/AtlantesFE-main/src/app/timbrado/timbrado.component.css,.css,code,0,e3b0c44298fc1c149afbf4c8996fb92427ae41e4649b934ca495991b7852b855
AtlantesFE-main/AtlantesFE-main/src/app/timbrado/timbrado.component.html,.html,code,5108,d3ea7eb11894611bdf1ff445562bc40b39494c3e6519ca09fd89308e48a05ab7
AtlantesFE-main/AtlantesFE-main/src/app/timbrado/timbrado.component.ts,.ts,code,4110,6cc85dc942a3a65b3354fc18f5a2a973c0df3b8aa5f68b8e1539545944872a14
AtlantesFE-main/AtlantesFE-main/src/app/tipo-cambio/tipo-cambio.component.css,.css,code,311,cba081302369dd0f31391c90f2d94704f6824360b44aac9cbfcfec1de8c4fb8a
AtlantesFE-main/AtlantesFE-main/src/app/tipo-cambio/tipo-cambio.component.html,.html,code,6479,3c3dc1fb76dcb0b6b2613434248b9c0961ad6d2db29104eaf59901d46731ba12
AtlantesFE-main/AtlantesFE-main/src/app/tipo-cambio/tipo-cambio.component.ts,.ts,code,5933,e41026ed297beeae137933b856bba8755f94d1845f3d5a373fefb2a732237ad8
AtlantesFE-main/AtlantesFE-main/src/app/transportistas/transportistas.component.css,.css,code,0,e3b0c44298fc1c149afbf4c8996fb92427ae41e4649b934ca495991b7852b855
AtlantesFE-main/AtlantesFE-main/src/app/transportistas/transportistas.component.html,.html,code,13826,e9b055440d311e5eb7bb7c4254561cdbfb90d486200c02e011ecab25b325463d
AtlantesFE-main/AtlantesFE-main/src/app/transportistas/transportistas.component.ts,.ts,code,7251,04ab78bfb99b4a60d802992d403210eba5bc3ac1e7faed8e36c1e60929d781fd
AtlantesFE-main/AtlantesFE-main/src/app/usuarios/usuarios.component.css,.css,code,0,e3b0c44298fc1c149afbf4c8996fb92427ae41e4649b934ca495991b7852b855
AtlantesFE-main/AtlantesFE-main/src/app/usuarios/usuarios.component.html,.html,code,18450,0515b6a873a91bfbb02993a274feecaf1be80d9acb7253f751f1ce326e960126
AtlantesFE-main/AtlantesFE-main/src/app/usuarios/usuarios.component.ts,.ts,code,21172,4762b43cba776e2c146dfcc6cf11e894eed35cd2e32773dabf20a29ed6c5ee27
AtlantesFE-main/AtlantesFE-main/src/assets/.gitkeep,(none),other,0,e3b0c44298fc1c149afbf4c8996fb92427ae41e4649b934ca495991b7852b855
AtlantesFE-main/AtlantesFE-main/src/assets/css/bootstrap.min.css,.css,code,164309,6e2e084d6af9f474ace7e7a5f7f7df9bb63ab98377eda3e508690bc7b21583b5
AtlantesFE-main/AtlantesFE-main/src/assets/css/style.css,.css,code,4998,67fd2910cf5d0b26bd8f8fc249fae6294e41785888a23f964efbe9f30c7d7bb7
AtlantesFE-main/AtlantesFE-main/src/assets/css2/style.css,.css,code,20999,e691992c867228445fd7c6d7da557a00eefd241f7dce4bb554db377acbcc0463
AtlantesFE-main/AtlantesFE-main/src/assets/image2vector.svg,.svg,asset,270,d55b8a7da591988086c8734018e0119366cf732bd6366e0c2b2d111a5efa20b0
AtlantesFE-main/AtlantesFE-main/src/assets/img/back_image_asgard_v2.jpg,.jpg,asset,2030384,3f777a3adf067b72b00ac46d1a53884d3d60b162252579a6df5f5fd6457eb70c
AtlantesFE-main/AtlantesFE-main/src/assets/img/background.jpg,.jpg,asset,2932976,01c0c9ba82c4029aa2f780b795df7efa8c340d3a5a4b0b1ad923676728906585
AtlantesFE-main/AtlantesFE-main/src/assets/img/climatizado.png,.png,asset,43250,e280068e8cf641828807b99ce498d65cda63dac538ff2a2d311e30d6ef54cfce
AtlantesFE-main/AtlantesFE-main/src/assets/img/congelado.png,.png,asset,17551,e2eca0a96e5f6086d88d4a748aef79ae690e9f725081e64b8ebd64d6b7df0cb2
AtlantesFE-main/AtlantesFE-main/src/assets/img/favicon_menu_v1.png,.png,asset,75116,003790bf4a4d52bee7c0c3354cb6d7a17a5788feab368b96c59ac75267653191
AtlantesFE-main/AtlantesFE-main/src/assets/img/gift1.gif,.gif,asset,8035681,719397f0d7353bd72fa6f0959dfa634009bba2e9891175f5b03dad3fb9219e69
AtlantesFE-main/AtlantesFE-main/src/assets/img/Icon.png,.png,asset,1146,937e8f328993a3f8862cee290e5dc979a86ddef87d9607865d41de31ebc3fa8f
AtlantesFE-main/AtlantesFE-main/src/assets/img/Icon.svg,.svg,asset,21777,c5345fbd9da44564f6adc2a6e1bd96f79af5e43173fd3617522efb7374c817f7
AtlantesFE-main/AtlantesFE-main/src/assets/img/IconL.png,.png,asset,557798,40b859fab00f548c32eb6b4f6033dc8e046bca70115136ec48fdab453edcdf71
AtlantesFE-main/AtlantesFE-main/src/assets/img/login_asgard_v1.png,.png,asset,59890,af06876e33d6af5dbcdb50360b0188bc4142d978f854cb0ce6cb7f9b24c8389a
AtlantesFE-main/AtlantesFE-main/src/assets/img/logo_banner.png,.png,asset,11033,4b6f335c91768678345e861c952c4abb400ab585407aecc3ea59e8cae50c9161
AtlantesFE-main/AtlantesFE-main/src/assets/img/not-found.svg,.svg,asset,7006,630c8d0dacb9cc32c0df6c97f4b25bf2f6dae4dcda2a0988a2e11215d66f1bf5
AtlantesFE-main/AtlantesFE-main/src/assets/img/seco.png,.png,asset,17431,8162cb2feb5e9d85a68b73db52727119d8541d322aafa8c99e3fde667281c605
AtlantesFE-main/AtlantesFE-main/src/assets/js/main.js,.js,code,8977,7f85c931904f0b1eaeb24277a5ebe6ebd55503266064592887243c641ca69ae1
AtlantesFE-main/AtlantesFE-main/src/assets/logistica.jpg,.jpg,asset,66966,6a759ee40690e4cf3abbc97aa455c7dc5e0b3f950336fdc53b92fc0ce3874deb
AtlantesFE-main/AtlantesFE-main/src/assets/logo.png,.png,asset,32554,31c445b67f6c421c85b51face1af88dff90c13f1b99674dcb89b5377d8e4abef
AtlantesFE-main/AtlantesFE-main/src/assets/logo.svg,.svg,asset,1960,adfc4a8f3f56f2d7c7cc336464a9eda6dd4593a0351d99df8029393bae587589
AtlantesFE-main/AtlantesFE-main/src/assets/logo_old.png,.png,asset,25277,2c1b0adeae8bf751b255991169a542328310e0a76b98c7ca29b838576f62ccd7
AtlantesFE-main/AtlantesFE-main/src/assets/logoA.svg,.svg,asset,1985,01c79027dc2a9c95327c52ab5711bf27e4d279f716b10be532e0a33213084b8a
AtlantesFE-main/AtlantesFE-main/src/assets/logoB.svg,.svg,asset,34035,c775b4b0c17b3d4e70ba4911fdc83d8ee90888bb8175a25c27754ffd2fbf52ae
AtlantesFE-main/AtlantesFE-main/src/assets/logoC.svg,.svg,asset,2919,c5e283b13b411c8f092787d9bbd80f7348d9e5e19bd628485d1086052a2718af
AtlantesFE-main/AtlantesFE-main/src/assets/LogoInverse.svg,.svg,asset,523,f2f1727eca0d943dccf8cd8269cad160fd0843899f728d950919baea72a62b25
AtlantesFE-main/AtlantesFE-main/src/assets/LogoInverseA.svg,.svg,asset,440,bbe5434f64ede5ac08a5ddbff6e8ad9ee0c526d752e24e8dbb7635847151fe57
AtlantesFE-main/AtlantesFE-main/src/assets/transporte-y-logistica.jpg,.jpg,asset,121999,0305b304327cc78a3dda3877009ed1ac80aa25efa1d94b5838316350f76dbcb0
AtlantesFE-main/AtlantesFE-main/src/environments/environment.prod.ts,.ts,code,73,f9417fa4cdd5c33ea0596981a91d055e8fba924c763db606df901a0be4cad086
AtlantesFE-main/AtlantesFE-main/src/environments/environment.ts,.ts,code,680,f34a5bcd798405f95aa40fcca203a1cc26c5fc6f818fb09a52187be4815c72dd
AtlantesFE-main/AtlantesFE-main/src/favicon.ico,.ico,asset,261950,d993b714806e0e3034f5ced8e2e7b1d79eb6c49558f3586633de985b0226d6bf
AtlantesFE-main/AtlantesFE-main/src/index.html,.html,code,412,a1632abca5c6133b887414ef883955c8433b2e10367a0911478a85f382899f6d
AtlantesFE-main/AtlantesFE-main/src/main.ts,.ts,code,372,44bab8ced43078310e1affbf44ca0682f42151082fe1d59a653699697ecabd7d
AtlantesFE-main/AtlantesFE-main/src/polyfills.ts,.ts,code,2340,8b19138d870fb923d17a299a463c80f4ddc3fc289498bfc4d6f50607a2c32815
AtlantesFE-main/AtlantesFE-main/src/styles.css,.css,code,5360,a6927965a18a31c6ddf248cd419a1a0dc82d7709611dcb408d352821ff16ec9e
AtlantesFE-main/AtlantesFE-main/src/test.ts,.ts,code,505,4f5cbf7c9ace5fa948f57a7a27ea040a6ecaac4bbe707edc8b8e40f2df966131
AtlantesFE-main/AtlantesFE-main/tsconfig.app.json,.json,code,293,ebf175f60e0761d2e88fe9b08eb2ea434f02bf573d89e17a8b65b790c0437fc6
AtlantesFE-main/AtlantesFE-main/tsconfig.json,.json,code,969,c2d4cdabb8b76641e2e24473126058875212b2ec7b62a19aec2497d0d50e2d41
AtlantesFE-main/AtlantesFE-main/tsconfig.spec.json,.json,code,333,675a808e1665edc8de37d994740e7aaeb8869957e61b44b0a4fdff566f1e504c
README.md,.md,document,39,545ba1dd49474f4a9c0abdd96cb125fe9507d4dbe3bec02db42d9447e0aae883
