component,map_file,routes,reads,writes,states
.data_base/asgard.sql,components/4037ce356daa.md,0,5509,850,0
index_archivos/2fa/TwoFaClass.php,components/c0f3dc7e7d28.md,0,2,0,0
index_archivos/DashboardAlicorp.php,components/c80fb4e24c1e.md,0,2,0,0
index_archivos/MPDF57/classes/form.php,components/2a82d49363e4.md,0,0,0,1
index_archivos/MPDF57/mpdf.php,components/372da731fa2c.md,0,0,0,10
index_archivos/MPDF57/mpdfi/filters/FilterASCII85.php,components/fedeed0aafd8.md,0,0,0,2
index_archivos/MenuClass.php,components/9158c16a1765.md,0,4,0,0
index_archivos/PDFMerger-master/tcpdf/include/barcodes/datamatrix.php,components/a6df59adb29d.md,0,0,0,1
index_archivos/PDFMerger-master/tcpdf/tcpdf.php,components/aee876a0515d.md,0,0,0,7
index_archivos/PHPExcel/Classes/PHPExcel/CachedObjectStorage/SQLite.php,components/c692660040d4.md,0,5,3,0
index_archivos/PHPExcel/Classes/PHPExcel/CachedObjectStorage/SQLite3.php,components/3076d76ea730.md,0,3,3,0
index_archivos/ajax/DashboardGenerico.php,components/aaabdb2d9731.md,0,5,0,0
index_archivos/ajax/uploadExcelSolicitud.php,components/82793b173413.md,0,0,0,2
index_archivos/asesoria-gestion/views/nueva-solicitud.php,components/25741e99e71e.md,0,1,0,0
index_archivos/bootstrap/js/bootstrap.js,components/07c29e7befb5.md,0,0,0,1
index_archivos/contables/controllers/ContabilidadClass.php,components/5c8c8fe136d8.md,0,37,0,0
index_archivos/controllers/ControlAps.php,components/3caccc665114.md,0,6,0,0
index_archivos/controllers/GlobalClass.php,components/ebbaaee950a4.md,0,23,1,0
index_archivos/controllers/SolicitudClass.php,components/931dd6decd0c.md,0,21,1,0
index_archivos/controllers/VehiculosClass.php,components/4376d13806e2.md,0,23,1,0
index_archivos/coordinadores.php,components/099f0934469e.md,0,4,0,0
index_archivos/documentacion.php,components/665e809802dd.md,0,1,1,0
index_archivos/documentacionaprobado.php,components/4f66bd45099e.md,0,0,1,0
index_archivos/encodeUser.php,components/d50cbd913518.md,0,1,0,0
index_archivos/enviarsolicitud_ajax.php,components/9bba5db83cbc.md,0,1,1,0
index_archivos/finsolicitud.php,components/1ef943244db8.md,0,7,0,0
index_archivos/intercambioDocumental/IntercambioDocumentalClass.php,components/51b06dd05fc8.md,0,24,2,0
index_archivos/intercambioDocumental/Utils/OcrUtil.php,components/1ea9587c8500.md,0,4,4,0
index_archivos/intercambioDocumental/ajax/OCRClass.php,components/e9dfa8b49764.md,0,0,2,0
index_archivos/intercambioDocumental/ajax/dividir-pdf-soat.php,components/1ecc39b1cfd3.md,0,3,0,0
index_archivos/intercambioDocumental/ajax/lectura-ocr-bl.php,components/a436f5fd7045.md,0,0,4,0
index_archivos/intercambioDocumental/ajax/lectura-ocr-falbo.php,components/c065cfc4ff13.md,0,22,0,0
index_archivos/intercambioDocumental/ajax/lectura-ocr-fdab.php,components/345660bc0452.md,0,22,0,0
index_archivos/intercambioDocumental/ajax/lectura-ocr-ft.php,components/c3acc9c3540a.md,0,0,2,0
index_archivos/intercambioDocumental/ajax/lectura-ocr-jennefer.php,components/5be586ac5c8c.md,0,11,0,0
index_archivos/intercambioDocumental/ajax/lectura-ocr-pr.php,components/fb4112e99124.md,0,2,0,0
index_archivos/intercambioDocumental/ajax/lectura-ocr-senavex.php,components/f366bd7c4b71.md,0,7,0,0
index_archivos/intercambioDocumental/ajax/lectura_documentos_iasa.php,components/d5ef87fbe4ef.md,0,5,5,0
index_archivos/intercambioDocumental/js/datosIntercambio.js,components/88dc2e0e1f56.md,0,0,0,3
index_archivos/intercambioDocumentalV2/js/commons.js,components/ab60aad7354c.md,0,0,0,1
index_archivos/jqGrid/cssui/external/jquery/jquery.js,components/401068ba2e83.md,0,0,0,13
index_archivos/jqGrid/js/jqgridExcelExportClientSide-libs.js,components/97dc516f1f72.md,0,0,0,5
index_archivos/jqGrid/js/jquery.jqGrid.src.js,components/fa23c35efca7.md,0,0,0,2
index_archivos/jqGrid/src/grid.formedit.js,components/7d27bc810704.md,0,0,0,2
index_archivos/jqGrid/src/jquery.jqGrid.js,components/c6a0da6d0034.md,0,0,0,2
index_archivos/jqGrid/ui/external/jquery/jquery.js,components/8f04d59050a1.md,0,0,0,13
index_archivos/jquery-ui/external/jquery/jquery.js,components/70304e3417bd.md,0,0,0,13
index_archivos/js/axios.min.js,components/0a89dd4eefbb.md,0,0,0,2
index_archivos/js/datatable/JSZip-2.5.0/jszip.js,components/49d79acf913e.md,0,0,0,35
index_archivos/js/datatable/JSZip-2.5.0/jszip.min.js,components/565a5accad4b.md,0,0,0,12
index_archivos/js/datatable/KeyTable-2.5.1/js/dataTables.keyTable.js,components/07997beb203b.md,0,0,0,1
index_archivos/js/datatable/datatables.js,components/ae102a1b4c62.md,0,0,0,99
index_archivos/js/datatable/datatables.min.js,components/df55c0097599.md,0,0,0,23
index_archivos/js/datatable/pdfmake-0.1.36/pdfmake.js,components/08f2d77fc6fb.md,0,0,0,63
index_archivos/js/datatable/pdfmake-0.1.36/pdfmake.min.js,components/3786e70aeece.md,0,0,0,11
index_archivos/js/ext-all-debug.js,components/a6e59304530e.md,0,0,0,5
index_archivos/js/jquery.easyui.min.js,components/2114a8261007.md,0,0,0,1
index_archivos/js/jquery.js,components/1a01a584e1ba.md,0,0,0,16
index_archivos/js/kendo.web.min.js,components/1cd039cebd38.md,0,0,0,3
index_archivos/js/scripts/knockout-2.2.1.js,components/ce40db8d65d6.md,0,0,0,3
index_archivos/js/spreadsjs/external/angular.1.0.8.js,components/1eee7bb7f97c.md,0,0,0,4
index_archivos/js/spreadsjs/external/angular.1.2.22.js,components/bbdab6abd226.md,0,0,0,7
index_archivos/js/spreadsjs/external/breeze.debug.js,components/605bfbf00f33.md,0,0,0,1
index_archivos/js/spreadsjs/external/jquery-1.11.1.js,components/d4a24d123e19.md,0,0,0,13
index_archivos/js/spreadsjs/external/jquery-1.8.2.js,components/886e6cba5614.md,0,0,0,16
index_archivos/js/spreadsjs/external/jquery-1.8.2.min.js,components/56b4b01acd05.md,0,0,0,3
index_archivos/js/spreadsjs/external/jquery-1.9.1.js,components/c1ef499e38e1.md,0,0,0,16
index_archivos/js/spreadsjs/external/jquery-1.9.1.min.js,components/2e630da35e44.md,0,0,0,1
index_archivos/js/spreadsjs/external/jquery-2.0.2.js,components/b7c86dcaecd1.md,0,0,0,13
index_archivos/js/spreadsjs/external/jquery-2.1.1.js,components/6cf6901e74bd.md,0,0,0,10
index_archivos/js/spreadsjs/external/knockout-2.1.0.debug.js,components/71b8ca199dd9.md,0,0,0,3
index_archivos/js/spreadsjs/external/knockout-2.2.0.js,components/4e0672d23118.md,0,0,0,3
index_archivos/js/spreadsjs/external/knockout-3.1.0.js,components/9c7b485aace9.md,0,0,0,1
index_archivos/js/spreadsjs/scripts/jquery.wijmo.wijspread.3.20151.16.js,components/d8e0221fe1c2.md,0,0,0,18
index_archivos/js/spreadsjs/scripts/jquery.wijmo.wijspread.all.3.20151.16.js,components/b72242341689.md,0,0,0,72
index_archivos/js/spreadsjs/scripts/jquery.wijmo.wijspread.functions.3.20151.16.js,components/3271f7d81452.md,0,0,0,54
index_archivos/js/spreadsjs/scripts/pluggable/jquery.wijmo.wijspread.calc.3.20151.16.js,components/07b70d8d1c0f.md,0,0,0,10
index_archivos/js/spreadsjs/scripts/pluggable/jquery.wijmo.wijspread.calc.functions.3.20151.16.js,components/70b100d7fcb4.md,0,0,0,54
index_archivos/js/spreadsjs/scripts/pluggable/jquery.wijmo.wijspread.core.3.20151.16.js,components/07fa546f91fe.md,0,0,0,4
index_archivos/js/spreadsjs/scripts/pluggable/jquery.wijmo.wijspread.filter.3.20151.16.js,components/0103403a1860.md,0,0,0,4
index_archivos/js/ux/ajax/SimManager.js,components/ad4f9f50db66.md,0,0,0,1
index_archivos/js/ux/ajax/Simlet.js,components/f88d27eddb15.md,0,0,0,2
index_archivos/libs/PDFMerger/PDFMerger-master/tcpdf/include/barcodes/datamatrix.php,components/8a58b1fd121f.md,0,0,0,1
index_archivos/libs/PDFMerger/PDFMerger-master/tcpdf/tcpdf.php,components/0fcf25873258.md,0,0,0,7
index_archivos/libs/PDFMerger/tcpdf/include/barcodes/datamatrix.php,components/2b136659d915.md,0,0,0,1
index_archivos/libs/PDFMerger/tcpdf/tcpdf.php,components/3f9d05050be7.md,0,0,0,7
index_archivos/libs/bootstrap/js/bootstrap.bundle.js,components/aed8c69c6928.md,0,0,0,2
index_archivos/libs/bootstrap/js/bootstrap.bundle.min.js,components/2c71aa6c4f5e.md,0,0,0,2
index_archivos/libs/bootstrap/js/popper.min.js,components/664263144c38.md,0,0,0,2
index_archivos/libs/datatables/JSZip-2.5.0/jszip.js,components/30f4b4f45566.md,0,0,0,35
index_archivos/libs/datatables/JSZip-2.5.0/jszip.min.js,components/5552addf9833.md,0,0,0,12
index_archivos/libs/datatables/KeyTable-2.5.1/js/dataTables.keyTable.js,components/e1be7d0e5877.md,0,0,0,1
index_archivos/libs/datatables/datatables.js,components/4b24e7ddcdf3.md,0,0,0,99
index_archivos/libs/datatables/datatables.min.js,components/b02399cbc374.md,0,0,0,23
index_archivos/libs/datatables/pdfmake-0.1.36/pdfmake.js,components/d25b90ac4f1c.md,0,0,0,63
index_archivos/libs/datatables/pdfmake-0.1.36/pdfmake.min.js,components/f6746ef415be.md,0,0,0,11
index_archivos/libs/fileinput/js/fileinput.js,components/dac55dccf907.md,0,0,0,3
index_archivos/libs/fileinput/js/plugins/sortable.js,components/7a4282d9a059.md,0,0,0,2
index_archivos/libs/fileinput/js/plugins/sortable.min.js,components/8f4c8585d413.md,0,0,0,1
index_archivos/libs/fontawesome/metadata/categories.yml,components/a2098d04cf8d.md,0,0,0,1
index_archivos/libs/jquery.js,components/2043be155a16.md,0,0,0,1
index_archivos/logistica/CostosClass.php,components/6150faafb285.md,0,96,2,0
index_archivos/logistica/CotizacionClass.php,components/557afb69ccd1.md,0,98,12,0
index_archivos/logistica/DemisClass.php,components/7dff6ee280b9.md,0,60,2,0
index_archivos/logistica/EmbarqueClass.php,components/4071ab84ac54.md,0,94,2,0
index_archivos/logistica/SolicitudesClass.php,components/546257664827.md,0,101,9,0
index_archivos/logistica/ViajesClass.php,components/591641c81cfc.md,0,35,1,0
index_archivos/logistica/ajax/cargaExcelNotificacion.php,components/6337933b74dd.md,0,1,0,0
index_archivos/logistica/ajax/embarqueNotificacion.php,components/61b66f4b99ce.md,0,2,0,0
index_archivos/logistica/ajax/fechaPickupNotificacion.php,components/73a5e4e8efaa.md,0,2,0,0
index_archivos/logistica/ajax/finalizar-embarque.php,components/f528d8483564.md,0,0,1,0
index_archivos/logistica/ajax/nuevaSolicitudNotificacion.php,components/b48873306006.md,0,1,0,0
index_archivos/logistica/ajax/uploadExcelListaEmpaque.php,components/1b70eaf45cc8.md,0,0,0,2
index_archivos/logistica/ajax/vehiculos/historialModificaciones.php,components/232a05598ff4.md,0,2,0,0
index_archivos/logistica/componentes/embarques_detalle_gestion_aduanera.php,components/7eb2a1766f08.md,0,4,0,0
index_archivos/logistica/componentes/embarques_nueva_gestion_aduanera.php,components/71aad35e1d61.md,0,4,0,0
index_archivos/logistica/componentes/embarques_ver_gestion_aduanera.php,components/00ab1776fabf.md,0,1,0,0
index_archivos/logistica/controllers/CargaMasiva.php,components/52cf670639a1.md,0,3,0,0
index_archivos/logistica/despachoajax.php,components/97af35b6f0aa.md,0,0,1,0
index_archivos/logistica/despachos.php,components/571de164fd4d.md,0,3,0,0
index_archivos/logistica/despachover.php,components/43c7ce02b728.md,0,5,1,0
index_archivos/logistica/estado_pedidos/EstadoPedidosClass.php,components/992e72ab0792.md,0,15,1,0
index_archivos/logistica/frames/costos.php,components/33dd4efb2a94.md,0,1,0,0
index_archivos/logistica/frames/documentos.php,components/8c7a8b883df0.md,0,1,0,0
index_archivos/logistica/frames/servicios-adicionales.php,components/488e6c0794bf.md,0,1,0,0
index_archivos/logistica/frames/warehouse.php,components/8985601395fc.md,0,4,0,0
index_archivos/logistica/vercaso.php,components/5dff541aba11.md,0,1,0,0
index_archivos/menu.php,components/9dbdd54a3166.md,0,2,0,0
index_archivos/menubs4.php,components/f6c7546945a2.md,0,2,0,0
index_archivos/modulos/libs/carbon/src/Carbon/CarbonPeriod.php,components/46d2bd1297ca.md,0,0,0,4
index_archivos/modulos/rating/RatingClass.php,components/8250e0a9565e.md,0,2,1,0
index_archivos/nuevoinsert.php,components/4c6e8a65646f.md,0,0,1,0
index_archivos/operativos/DescargaMasivaClass.php,components/209fb55a6258.md,0,21,0,0
index_archivos/operativos/LogReportes.php,components/b4ffb6ffa514.md,0,0,1,0
index_archivos/operativos/ajax/seguimiento-parte-recepcion.php,components/24888169e4ed.md,0,12,0,0
index_archivos/operativos/exportaciones/ConexionIntercambioDocumental.php,components/44ccdc5d0c40.md,0,3,0,0
index_archivos/operativos/exportaciones/ExportacionesClass.php,components/171608f0dca9.md,0,65,0,0
index_archivos/operativos/exportaciones/ajax/ActualizarMICs.php,components/98e4e8fa9695.md,0,0,8,0
index_archivos/operativos/exportaciones/ajax/ComparacionDocumentosIASA.php,components/9e7212d83638.md,0,2,0,0
index_archivos/operativos/exportaciones/ajax/ControlTransitoAlicorp.php,components/88d263a7d1bf.md,0,1,0,0
index_archivos/operativos/exportaciones/ajax/PagoTributosTransitorioImcruz.php,components/36a995d6cf95.md,0,34,0,0
index_archivos/operativos/exportaciones/ajax/RecepcionFisicaMICs.php,components/773b7807fd5a.md,0,5,0,0
index_archivos/operativos/exportaciones/ajax/reporte-scp.php,components/94b6a9ce2f57.md,0,2,0,0
index_archivos/operativos/generadorcodigocontrol.php,components/e4cfdf9229db.md,0,0,0,1
index_archivos/operativos/generarfacturaplanillacliente1.php,components/22ece724c3a4.md,0,2,0,0
index_archivos/operativos/getIHAgencia.php,components/5faa752faae5.md,0,3,0,0
index_archivos/operativos/historial_llamadas_excel.php,components/670c923b0d51.md,0,8,0,0
index_archivos/parametros/agenteAduana/AgenteAduanaClass.php,components/96e111c27c02.md,0,26,12,0
index_archivos/parametros/agenteAduana/ajax/enviarCorreo.php,components/8b22146f742e.md,0,1,0,0
index_archivos/parametros/agenteSeguro/AgenteSeguroClass.php,components/716719cf49e8.md,0,21,12,0
index_archivos/parametros/agenteTracking/agenteTrackingClass.php,components/049c418bac10.md,0,4,3,0
index_archivos/parametros/consignatario/ProveedorMercancia.php,components/328151b590b1.md,0,49,17,0
index_archivos/parametros/control_certificaciones/controladores/CommonController.php,components/76ab14cb3d5e.md,0,21,0,0
index_archivos/parametros/control_certificaciones/controladores/ControlCertificacionesController.php,components/529fee722aed.md,0,1,4,0
index_archivos/parametros/control_certificaciones/js/index.js,components/fb2357c18024.md,0,0,0,1
index_archivos/parametros/control_certificaciones/notificaciones/notificaciones-boleta-garantia.php,components/3f1e09e76c8a.md,0,3,0,0
index_archivos/parametros/control_certificaciones/notificaciones/notificaciones.php,components/b8754cc48b69.md,0,3,0,0
index_archivos/parametros/control_certificaciones/notificaciones/notificaciones_mensuales.php,components/51d2480abf33.md,0,3,0,0
index_archivos/parametros/control_certificaciones/notificaciones/notificaciones_semanales.php,components/3882ae3f1320.md,0,3,0,0
index_archivos/parametros/gestorTransporte/GestorTransporteClass.php,components/e47a44eb53ac.md,0,22,12,0
index_archivos/parametros/gestorTransporte/ajax/enviarCorreo.php,components/0d46d562ded9.md,0,1,0,0
index_archivos/parametros/gestor_transporte/GestorTrasnporteClass.php,components/569bf2213795.md,0,1,0,0
index_archivos/parametros/operadortransporte/OperadorTransporte.php,components/ddc8db6ef9a2.md,0,20,10,0
index_archivos/parametros/proveedormercancia/ProveedorMercancia.php,components/e2833ad4895f.md,0,48,17,0
index_archivos/parametros/tiemposTeoricos/ProveedorMercancia.php,components/ed0cfa8d5588.md,0,3,0,0
index_archivos/parametros/usuarioFirmante/UsuarioFirmante.php,components/afcb9efa5fc3.md,0,1,1,0
index_archivos/parametros/usuarioFirmante/ajax/codigo-paises.php,components/cbe1a9f1bf08.md,0,1,0,0
index_archivos/parametros/usuarios/Usuarios.php,components/9c709ba7cb6a.md,0,7,4,0
index_archivos/php-jwt-5.2.0/src/JWT.php,components/7a97e19c3f42.md,0,0,0,1
index_archivos/reporteexcel/lib/PHPExcel/PHPExcel/CachedObjectStorage/SQLite.php,components/0cc502d8bf4c.md,0,5,3,0
index_archivos/reporteexcel/lib/PHPExcel/PHPExcel/CachedObjectStorage/SQLite3.php,components/7ccdb6067598.md,0,3,3,0
index_archivos/resetpassword/ResetPassword.php,components/fde6bfa5c36f.md,0,2,2,0
index_archivos/resetpassword/js/vee-validate.js,components/87b79b9d9ab7.md,0,0,0,1
index_archivos/resetpassword/js/vue.js,components/af6b4b48f230.md,0,0,0,1
index_archivos/servicioNotificaciones/ServicioNotificacionesClass.php,components/730887a5b0d3.md,0,44,3,0
index_archivos/servicioNotificaciones/ajax/enviarNotificacionesID.php,components/dd06f3aebb69.md,0,1,0,0
index_archivos/servicioNotificaciones/pusherlibs.php,components/5dd20797299b.md,0,3,0,0
index_archivos/size-intercambio-documental.php,components/e8b74ede11f1.md,0,1,0,0
index_archivos/solicitud.php,components/7de09af9d107.md,0,4,0,0
index_archivos/tracking/OperadorTransporteClass.php,components/d3d92d42c0b8.md,0,46,2,0
index_archivos/tracking/ReporteViajesClass.php,components/9056ef428be5.md,0,33,0,0
index_archivos/tracking/js/magnific-popup.js,components/3a8550249761.md,0,0,0,1
index_archivos/tramites_json.php,components/9a0487969084.md,0,3,0,0
index_archivos/usuario/historial.php,components/5fb7eaf18a58.md,0,1,0,0
index_archivos/vehiculosexcel/CargaVehiculos.php,components/4baec32d9080.md,0,1,1,0
index_archivos/vehiculosexcel/Funciones.php,components/fabde3a538b3.md,0,0,1,0
index_archivos/vehiculosexcel/VehiculosExcel.php,components/405334cddb6a.md,0,12,0,0
index_archivos/veriflogin.php,components/e9c5554654e7.md,0,7,6,0
index_archivos/versolicitud.php,components/f5dbf408817b.md,0,10,0,0
index_archivos/versolicituddetalle.php,components/aecfa6abac5b.md,0,4,0,0
